P00350	P00350	1
P00509	P00509	1
P00579	P00579	1
P00579	P09377	1
P00579	P0A7C2	1
P00579	P0A9E0	1
P00579	P0ACH8	1
P00579	P0ACJ8	1
P00579	P0AFX4	1
P00579	P0AG96	1
P00579	P60240	1
P00579	P77396	1
P00888	P68646	1
P00893	P00893	1
P00894	P00893	1
P00894	P00894	1
P00895	P12996	1
P00914	P00914	1
P00936	P00895	1
P00936	P05827	1
P00936	P0ACJ8	1
P00936	P15038	1
P00936	P15373	1
P00936	P28638	1
P00936	P37349	1
P00936	P76097	1
P00936	Q46864	1
P00936	Q47147	1
P00956	P19930	1
P00956	Q46948	1
P00957	Q46948	1
P00959	P60422	1
P00961	P00960	1
P00963	P00963	1
P00968	P00968	1
P02358	P0A7T7	1
P02359	P37765	1
P02413	P0A7W7	1
P02413	P36979	1
P02925	P00956	1
P02925	P02925	1
P02925	P19930	1
P02931	P76129	1
P03004	P18843	1
P03004	P76514	1
P03007	P03007	1
P03007	P0ADN2	1
P03007	P10443	1
P03014	P68646	1
P03018	P09980	1
P03018	P25665	1
P03023	Q46948	1
P03024	P03024	1
P03030	P0ACJ8	1
P03030	P39405	1
P03817	P77396	1
P04335	P42599	1
P04425	P75862	1
P04825	P04825	1
P04825	P42593	1
P04825	Q46948	1
P04951	P0ACU2	1
P04951	P67430	1
P04983	P04983	1
P04983	P0AEE5	1
P04983	P0AEV4	1
P05041	P00903	1
P05052	P15770	1
P05055	P21507	1
P05523	P39409	1
P05637	P0ABW5	1
P05704	P45543	1
P05793	P31060	1
P05824	P76104	1
P05827	P0A9I1	1
P05827	P23862	1
P05827	P31666	1
P05852	P05852	1
P06134	P00579	1
P06134	P0AEJ8	1
P06134	P11071	1
P06134	P69931	1
P06136	P0A9A6	1
P06136	P29131	1
P06136	P76080	1
P06612	P02925	1
P06612	P19930	1
P06616	P0A8N0	1
P06616	P0ACU2	1
P06616	P0AEY3	1
P06710	P03007	1
P06710	P06710	1
P06710	P0A988	1
P06710	P0ABA4	1
P06710	P10443	1
P06710	P20605	1
P06710	P28632	1
P06722	P23367	1
P06864	P0A6S3	1
P06864	P0A955	1
P06864	P25437	1
P06864	P32053	1
P06864	P77409	1
P06974	P06974	1
P06987	P05637	1
P06987	P06987	1
P06987	P0ACA7	1
P06993	P04983	1
P06993	P05020	1
P06993	P06993	1
P06993	P36979	1
P06993	P52613	1
P06993	P77467	1
P06993	Q46948	1
P07000	P0AAU7	1
P07000	P0ADN2	1
P07001	P07001	1
P07001	P0A7W7	1
P07004	P07004	1
P07004	P0A823	1
P07004	P16676	1
P07012	P07026	1
P07014	P0AC41	1
P07014	P0ACG8	1
P07014	P0ACM9	1
P07014	Q46948	1
P07026	P0AF12	1
P07118	P07118	1
P07364	P39280	1
P07395	P07395	1
P07395	P08312	1
P07395	P0AG90	1
P07395	P32715	1
P07639	P07639	1
P07639	P33014	1
P07639	P68646	1
P07658	P75825	1
P07813	P02925	1
P07813	P06612	1
P07813	P15042	1
P07813	P19930	1
P07813	P33129	1
P07813	Q46948	1
P07821	P75957	1
P07913	P0A6F5	1
P08142	P08142	1
P08142	P0ADG1	1
P08179	P08179	1
P08200	P11071	1
P08312	P08312	1
P08312	Q46948	1
P08337	P08337	1
P08368	P08368	1
P08368	P08401	1
P08368	P24193	1
P08373	P45577	1
P08373	P68646	1
P08390	P0ADK6	1
P08390	P0ADW6	1
P08390	P21599	1
P08394	P0A7G6	1
P08622	P06993	1
P08622	Q46948	1
P08722	P0A8A8	1
P08839	P0AEL8	1
P08839	Q46948	1
P09147	P09147	1
P09152	P04825	1
P09152	P0AF26	1
P09152	P19318	1
P09153	P09147	1
P09153	P0AAN5	1
P09153	P0ABB0	1
P09153	P0AFB5	1
P09153	P39325	1
P09153	P68567	1
P09153	P68688	1
P09153	P77585	1
P09162	P07821	1
P09184	P06136	1
P09372	P0A6F5	1
P09373	P76180	1
P09377	P77396	1
P09378	P00579	1
P09378	P0A7C2	1
P09378	P17410	1
P09557	P0AGG0	1
P09557	P25539	1
P09980	P09980	1
P0A6B7	P28911	1
P0A6B7	P32177	1
P0A6E6	P0A6E6	1
P0A6E6	P0ABA6	1
P0A6E6	P0ABB0	1
P0A6E9	P19624	1
P0A6F1	P00968	1
P0A6F1	P0AD21	1
P0A6F5	P00887	1
P0A6F5	P19323	1
P0A6F5	Q46948	1
P0A6G7	P0A6G7	1
P0A6H1	P0A6H1	1
P0A6I0	P07000	1
P0A6K3	P0A9S1	1
P0A6K3	P0AGJ2	1
P0A6K3	P75728	1
P0A6L2	P0A6L2	1
P0A6L9	P0A6Z1	1
P0A6P5	P0AFI5	1
P0A6S5	P0A725	1
P0A6S5	P0AEN4	1
P0A6S7	P0A6S7	1
P0A6S7	P0A8Z7	1
P0A6T1	P0A6T1	1
P0A6T3	P09153	1
P0A6T3	P0A805	1
P0A6T3	P68646	1
P0A6T5	P0A6T5	1
P0A6T9	P33195	1
P0A6U3	P25522	1
P0A6V1	P18133	1
P0A6W9	P30750	1
P0A6W9	P37009	1
P0A6X7	P0A8F8	1
P0A6Y8	P08622	1
P0A6Y8	P0A6Y8	1
P0A6Y8	P0A6Z3	1
P0A6Y8	P36659	1
P0A6Y8	Q46948	1
P0A6Z3	P0A6Z3	1
P0A6Z3	P75862	1
P0A6Z6	P09147	1
P0A6Z6	P0AE58	1
P0A6Z6	P0AFT8	1
P0A6Z6	P19636	1
P0A6Z6	P39405	1
P0A6Z6	P45577	1
P0A6Z6	P68646	1
P0A6Z6	P68688	1
P0A6Z6	P77585	1
P0A6Z6	P77650	1
P0A700	P77213	1
P0A725	P14900	1
P0A734	P32162	1
P0A744	P15067	1
P0A746	P63389	1
P0A749	P0ABW5	1
P0A754	P0AAF3	1
P0A776	P76344	1
P0A7C2	P09377	1
P0A7C2	P0A7C2	1
P0A7C2	P0A9E0	1
P0A7C2	P76161	1
P0A7C2	P77396	1
P0A7E9	P77609	1
P0A7F3	P0A786	1
P0A7G6	P06993	1
P0A7H0	P45577	1
P0A7I4	P37182	1
P0A7J0	P0A7J0	1
P0A7J7	Q46948	1
P0A7K2	P0AB38	1
P0A7K2	Q46948	1
P0A7L8	P37680	1
P0A7L8	Q46948	1
P0A7M2	P0A7N4	1
P0A7M2	Q46948	1
P0A7M9	P09153	1
P0A7M9	P0AEI4	1
P0A7M9	P0AEJ8	1
P0A7M9	P0AFJ5	1
P0A7M9	P11454	1
P0A7M9	P12996	1
P0A7N4	P0A7W7	1
P0A7Q1	P0A7B1	1
P0A7Q1	P63228	1
P0A7R5	Q46948	1
P0A7R9	Q46948	1
P0A7S3	Q46948	1
P0A7T7	P0A7W7	1
P0A7U3	P0A7W7	1
P0A7U3	Q46948	1
P0A7V0	Q46948	1
P0A7V8	P0A7W7	1
P0A7V8	Q46948	1
P0A7W1	P0ADZ0	1
P0A7W7	P0A7W7	1
P0A7W7	P77808	1
P0A7W7	Q46802	1
P0A7W7	Q46948	1
P0A7X6	P00893	1
P0A7X6	P0A7U3	1
P0A7X6	P22731	1
P0A7X6	P25534	1
P0A7X6	P45577	1
P0A7X6	P77174	1
P0A7Y0	P10908	1
P0A7Y8	P63386	1
P0A7Z4	Q46948	1
P0A805	P00805	1
P0A805	P04983	1
P0A805	P07649	1
P0A805	P09147	1
P0A805	P0A763	1
P0A805	P0A7J7	1
P0A805	P0A805	1
P0A805	P0A862	1
P0A805	P0A8E1	1
P0A805	P0A988	1
P0A805	P0ABB0	1
P0A805	P0C0L2	1
P0A805	P15047	1
P0A805	P24178	1
P0A805	P64461	1
P0A805	P77161	1
P0A809	P0A809	1
P0A828	P0A8E1	1
P0A832	P0A832	1
P0A853	P0A853	1
P0A853	P0AEW6	1
P0A853	Q46948	1
P0A855	P02930	1
P0A855	P0AB38	1
P0A855	P0ACS9	1
P0A855	P75863	1
P0A858	P09373	1
P0A858	P29745	1
P0A873	P0A873	1
P0A879	P76506	1
P0A887	P0AG11	1
P0A887	P32662	1
P0A890	P0A6B7	1
P0A8A0	P07000	1
P0A8A0	P33358	1
P0A8A4	P0A8A4	1
P0A8A8	P33346	1
P0A8A8	Q46802	1
P0A8B2	P00960	1
P0A8C4	P07000	1
P0A8C4	P0ACL5	1
P0A8C4	P0AFW2	1
P0A8C4	P0AGK4	1
P0A8C4	P45577	1
P0A8D0	P07109	1
P0A8D0	P0A8D0	1
P0A8D0	P37052	1
P0A8D0	P69902	1
P0A8D3	P39409	1
P0A8E1	P0A862	1
P0A8E5	P0A7Y8	1
P0A8F0	P0A8F0	1
P0A8F4	P0A8F4	1
P0A8F4	P39177	1
P0A8F4	Q46896	1
P0A8F8	P0A698	1
P0A8F8	P0A8F8	1
P0A8F8	P0A8N0	1
P0A8F8	P0ACX9	1
P0A8F8	P0AEL8	1
P0A8F8	P0AFY8	1
P0A8F8	P23862	1
P0A8F8	P32677	1
P0A8G0	P0A8G0	1
P0A8G9	P64503	1
P0A8H6	P0C018	1
P0A8J8	P0A8J8	1
P0A8L1	P0A8L1	1
P0A8L7	P0A7N1	1
P0A8L7	P0A8L7	1
P0A8M3	P0A8M3	1
P0A8M3	Q46948	1
P0A8P1	P0A8P3	1
P0A8P1	P0AA37	1
P0A8P6	P0A9E0	1
P0A8P6	P0ACL5	1
P0A8P6	P17117	1
P0A8P6	P39409	1
P0A8P8	P0A8P8	1
P0A8Q6	P0ABH9	1
P0A8R0	P06710	1
P0A8R0	P0ACJ8	1
P0A8R0	P77174	1
P0A8R9	P0ACS9	1
P0A8R9	P0AG11	1
P0A8R9	P37680	1
P0A8R9	P76215	1
P0A8T1	P0ACT2	1
P0A8V2	P60240	1
P0A8V2	Q46948	1
P0A8X0	P07000	1
P0A8X4	P0A905	1
P0A8X4	P0ACG1	1
P0A8Z3	P10408	1
P0A912	P77609	1
P0A937	P25539	1
P0A944	P76256	1
P0A955	P0A955	1
P0A962	P0A962	1
P0A964	P02942	1
P0A964	P28638	1
P0A968	P0AAG0	1
P0A988	P0A988	1
P0A996	P0A8F8	1
P0A9A2	P0A805	1
P0A9A6	P0A6J8	1
P0A9A6	P14900	1
P0A9A6	P36979	1
P0A9A6	P37773	1
P0A9A9	Q46948	1
P0A9B2	Q46948	1
P0A9C9	P75957	1
P0A9D8	P77609	1
P0A9E0	P09377	1
P0A9E0	P0A9E0	1
P0A9E0	P39829	1
P0A9E0	P77396	1
P0A9E5	P76569	1
P0A9F1	P0A9F1	1
P0A9F1	P80645	1
P0A9F3	P0A9F3	1
P0A9F3	P0DM85	1
P0A9F3	P76035	1
P0A9F6	P0ACJ8	1
P0A9F9	P75728	1
P0A9G8	P39409	1
P0A9H9	P05523	1
P0A9H9	P0ABA4	1
P0A9I1	P77467	1
P0A9I3	P0A805	1
P0A9I3	P41052	1
P0A9I5	P69741	1
P0A9J4	P0A855	1
P0A9L3	P0A9L3	1
P0A9L3	P0AAJ8	1
P0A9L3	P0AAL9	1
P0A9L5	P0A9L5	1
P0A9L8	P45577	1
P0A9M2	P0AF59	1
P0A9N4	P24178	1
P0A9N4	P64455	1
P0A9N8	P0A9N8	1
P0A9N8	P0AED7	1
P0A9N8	P28903	1
P0A9P0	P06959	1
P0A9P0	P0AFG6	1
P0A9P4	P06710	1
P0A9P4	P0A734	1
P0A9P4	P0AA25	1
P0A9P4	P0ABE2	1
P0A9P4	P0AC65	1
P0A9P4	P17993	1
P0A9P4	P28634	1
P0A9P4	P33012	1
P0A9P4	P39274	1
P0A9P4	P45577	1
P0A9P6	P0A9P6	1
P0A9Q5	P0A8N0	1
P0A9Q5	P0AG11	1
P0A9Q5	P24182	1
P0A9Q7	Q46948	1
P0A9R4	P0A805	1
P0A9R4	P0AAC8	1
P0A9R4	P45577	1
P0A9R4	P77766	1
P0A9S1	P0A9S1	1
P0A9X9	P25888	1
P0A9X9	P45577	1
P0A9Z1	P0A9Z1	1
P0A9Z1	P0AFB5	1
P0A9Z1	P27249	1
P0A9Z1	P69681	1
P0AA04	P0ABE2	1
P0AA04	P0AF10	1
P0AA04	P0AFX4	1
P0AA16	P0AFJ5	1
P0AA39	Q46948	1
P0AA41	P0AEI4	1
P0AAB8	P00895	1
P0AAB8	P0ABW5	1
P0AAB8	P0AED0	1
P0AAB8	P76344	1
P0AAB8	P77165	1
P0AAF3	P0AAF3	1
P0AAF6	P0ACJ8	1
P0AAF6	P75862	1
P0AAF6	P76484	1
P0AAG3	P37902	1
P0AAG8	P30748	1
P0AAG8	P37680	1
P0AAG8	P71229	1
P0AAG8	P76540	1
P0AAH8	P0A9U3	1
P0AAH8	P69432	1
P0AAI1	P16703	1
P0AAK4	P09147	1
P0AAK4	P0A9L3	1
P0AAK4	P0ABR9	1
P0AAK4	P16703	1
P0AAK4	P21170	1
P0AAK4	P37680	1
P0AAK4	P45579	1
P0AAK4	P52062	1
P0AAK4	P75824	1
P0AAK4	P77650	1
P0AAL6	P09147	1
P0AAL9	P37680	1
P0AAL9	P46144	1
P0AAM7	P0AAM3	1
P0AAM7	P16431	1
P0AAQ6	P07000	1
P0AAY6	P0ACX9	1
P0AB01	P09153	1
P0AB01	P0ABB4	1
P0AB10	P0ACS9	1
P0AB10	P39409	1
P0AB10	P76080	1
P0AB18	P0A8F8	1
P0AB28	P05020	1
P0AB33	P19636	1
P0AB38	P0AEB5	1
P0AB38	P0AFI5	1
P0AB38	P10441	1
P0AB43	P39409	1
P0AB49	P0ABB0	1
P0AB65	P0A734	1
P0AB65	P0ABW5	1
P0AB71	P0AB71	1
P0AB71	Q46948	1
P0AB74	P0AEM6	1
P0AB77	P0AB77	1
P0ABA4	P77165	1
P0ABB4	P0A6E6	1
P0ABB4	P0ABB0	1
P0ABD5	P0A9Q5	1
P0ABD5	P0ABD5	1
P0ABD5	P69874	1
P0ABE2	P0ABE2	1
P0ABE2	P39409	1
P0ABF6	P0ABF6	1
P0ABF6	P0AEJ8	1
P0ABH7	P0ABH7	1
P0ABK5	P30750	1
P0ABQ4	P07000	1
P0ABQ4	P09557	1
P0ABQ4	P0ACJ0	1
P0ABQ4	P45577	1
P0ABQ4	P68646	1
P0ABQ4	P77609	1
P0ABQ4	Q46948	1
P0ABR9	P09153	1
P0ABR9	P0A805	1
P0ABR9	P0A9A6	1
P0ABR9	P0AFT8	1
P0ABR9	P68646	1
P0ABS8	P03007	1
P0ABU0	P0ABU0	1
P0ABU5	P0A7N1	1
P0ABU5	P19636	1
P0ABU5	P68646	1
P0ABU7	P0ABU7	1
P0ABU7	P33602	1
P0ABV2	P0ABV2	1
P0ABV2	P41443	1
P0ABV6	P76086	1
P0ABW5	P07862	1
P0ABW5	P09147	1
P0ABW5	P0AEB5	1
P0ABW5	P30131	1
P0ABW5	P63389	1
P0ABY2	P0ABY2	1
P0ABY2	P24216	1
P0ABY2	P69228	1
P0ABY2	P77174	1
P0ABZ1	P00903	1
P0ABZ1	P06974	1
P0ABZ1	P0AB38	1
P0ABZ1	P19636	1
P0ABZ1	P24242	1
P0ABZ1	P25798	1
P0ABZ1	P75864	1
P0AC02	P0A937	1
P0AC02	P0A9Q5	1
P0AC02	P76459	1
P0AC33	P0AC33	1
P0AC47	P08337	1
P0AC47	P0AAF6	1
P0AC62	P68688	1
P0AC65	P37146	1
P0AC73	P76114	1
P0AC81	P0A805	1
P0AC92	P0AC92	1
P0AC92	P39409	1
P0ACA3	P0ACA3	1
P0ACA7	P0ACA7	1
P0ACB0	P23862	1
P0ACC7	P0ACC7	1
P0ACD4	P06710	1
P0ACD4	P0A6L9	1
P0ACD4	P0A6Z1	1
P0ACD4	P0ACD4	1
P0ACD8	P19930	1
P0ACE7	P0ACE7	1
P0ACF4	P39405	1
P0ACF8	P0ACG1	1
P0ACF8	Q46948	1
P0ACG8	P06710	1
P0ACG8	P06993	1
P0ACG8	P0ACG8	1
P0ACG8	P0ACJ8	1
P0ACG8	P0ACL5	1
P0ACG8	P19636	1
P0ACG8	P28224	1
P0ACG8	P33030	1
P0ACG8	P45577	1
P0ACG8	P64530	1
P0ACH8	P03817	1
P0ACH8	P0A8F8	1
P0ACI6	P31658	1
P0ACJ0	P09391	1
P0ACJ0	P0A9I1	1
P0ACJ0	P0AFW4	1
P0ACJ8	P06993	1
P0ACJ8	P0A8E5	1
P0ACJ8	P0A8N0	1
P0ACJ8	P0ACN7	1
P0ACJ8	P0ADK6	1
P0ACJ8	P0AE58	1
P0ACJ8	P0AFG0	1
P0ACJ8	P23862	1
P0ACJ8	P28722	1
P0ACJ8	P41052	1
P0ACJ8	P45544	1
P0ACJ8	P56258	1
P0ACJ8	P71229	1
P0ACJ8	P75862	1
P0ACJ8	P77398	1
P0ACL5	P03817	1
P0ACL5	P08839	1
P0ACL5	P09184	1
P0ACL5	P0A6G5	1
P0ACL5	P0A8B2	1
P0ACL5	P0A8F8	1
P0ACL5	P0A8N0	1
P0ACL5	P0A8P8	1
P0ACL5	P0A9W3	1
P0ACL5	P0AAN5	1
P0ACL5	P0ABA6	1
P0ACL5	P0ACN7	1
P0ACL5	P0ADI4	1
P0ACL5	P0AEF4	1
P0ACL5	P0AFB5	1
P0ACL5	P0AFW4	1
P0ACL5	P17993	1
P0ACL5	P18775	1
P0ACL5	P22188	1
P0ACL5	P22634	1
P0ACL5	P23862	1
P0ACL5	P28630	1
P0ACL5	P36673	1
P0ACL5	P37177	1
P0ACL5	P37671	1
P0ACL5	P41052	1
P0ACL5	P45544	1
P0ACL5	P45771	1
P0ACL5	P52613	1
P0ACL5	P60240	1
P0ACL5	P69816	1
P0ACL5	P75862	1
P0ACL5	P76213	1
P0ACL5	P76486	1
P0ACL5	P77580	1
P0ACL5	Q2M7R5	1
P0ACM9	P31134	1
P0ACN4	P0ACN4	1
P0ACP1	P0ACP1	1
P0ACP7	P64503	1
P0ACS2	P18776	1
P0ACS9	P0ACS9	1
P0ACS9	P0ADN2	1
P0ACS9	P33931	1
P0ACS9	P45544	1
P0ACS9	P75862	1
P0ACS9	P76396	1
P0ACS9	Q2M7R5	1
P0ACS9	Q46867	1
P0ACT2	P0ADG4	1
P0ACT2	P64463	1
P0ACT2	P76086	1
P0ACT6	P0ACT6	1
P0ACT6	P76245	1
P0ACU0	P0ACU0	1
P0ACU0	P30131	1
P0ACU2	P0ACL5	1
P0ACU2	P39363	1
P0ACZ4	P0ACH8	1
P0ACZ4	P0ACS9	1
P0ACZ4	P0AFB8	1
P0ACZ4	P19323	1
P0ACZ4	P30855	1
P0ACZ4	P37355	1
P0ACZ4	P45577	1
P0ACZ8	P0ACZ8	1
P0ACZ8	P76340	1
P0AD01	P00861	1
P0AD17	P37313	1
P0AD21	P0A988	1
P0AD21	P39279	1
P0AD49	P0A805	1
P0AD49	P0AD49	1
P0AD68	P17952	1
P0AD68	P46022	1
P0AD70	P32131	1
P0AD99	P08312	1
P0ADE2	P0A9E2	1
P0ADE2	P76177	1
P0ADF8	P08142	1
P0ADF8	P39409	1
P0ADG4	P39409	1
P0ADI4	P0ADI4	1
P0ADK0	P10441	1
P0ADK6	P0ADK6	1
P0ADN6	P0A7V3	1
P0ADR8	P28304	1
P0ADV5	P45577	1
P0ADX5	P20605	1
P0ADX7	P0A8Q6	1
P0ADX7	P0ABH0	1
P0ADX7	P0ADX7	1
P0ADY3	Q46948	1
P0AE06	P0AE06	1
P0AE08	P0A805	1
P0AE08	P0AE08	1
P0AE08	P28305	1
P0AE08	Q46948	1
P0AE30	P0AE30	1
P0AE52	P0AEJ8	1
P0AE52	Q46948	1
P0AE58	P37680	1
P0AE58	P76346	1
P0AE88	P00861	1
P0AE88	P0AE82	1
P0AEC0	P75958	1
P0AEC3	P0AD21	1
P0AEC3	P75957	1
P0AEC5	P0ABH9	1
P0AED0	P0AED0	1
P0AEE1	P0AEE1	1
P0AEE1	P75849	1
P0AEE1	P76407	1
P0AEF0	P0ACB0	1
P0AEF4	P39409	1
P0AEF4	Q46907	1
P0AEG8	P37590	1
P0AEG8	P75938	1
P0AEI4	P0AF40	1
P0AEJ8	P0ACN7	1
P0AEJ8	P0ACX9	1
P0AEJ8	P32162	1
P0AEJ8	P39325	1
P0AEL3	P63389	1
P0AEL8	P0AFB5	1
P0AEM4	P0AEM6	1
P0AEM6	P21179	1
P0AES0	P32157	1
P0AES0	P39384	1
P0AEV1	P0AAN9	1
P0AEW4	P31443	1
P0AEW4	P68646	1
P0AEW6	P0AEW6	1
P0AF03	P0A8A0	1
P0AF10	P0ACJ8	1
P0AF34	P0ACJ8	1
P0AF40	P0AEJ8	1
P0AF76	P0A7A5	1
P0AF76	P0AF76	1
P0AF82	P68646	1
P0AF82	P69741	1
P0AF82	P76344	1
P0AF82	P76500	1
P0AF90	P0A9Z1	1
P0AF90	P0AFB5	1
P0AFB5	P0AFB5	1
P0AFB5	P69681	1
P0AFB8	P0AFB5	1
P0AFD1	P05523	1
P0AFD1	P0AFD1	1
P0AFD1	P0AFI5	1
P0AFD1	P33602	1
P0AFG0	P39363	1
P0AFG3	P0AFG3	1
P0AFG6	P0AFG3	1
P0AFG6	P0AFG6	1
P0AFG8	Q46948	1
P0AFH8	P0AEE1	1
P0AFI0	P0AFI0	1
P0AFI5	P11071	1
P0AFJ5	P0AFJ5	1
P0AFJ5	P31828	1
P0AFL6	P0AFL6	1
P0AFL6	P39360	1
P0AFM2	P77165	1
P0AFT5	P07004	1
P0AFT5	P0A823	1
P0AFT5	P0AFT5	1
P0AFT5	P30750	1
P0AFT8	P09147	1
P0AFT8	P0A9M2	1
P0AFT8	P0AB65	1
P0AFT8	P0ABH9	1
P0AFT8	P0ACL5	1
P0AFT8	P0C037	1
P0AFT8	P34209	1
P0AFT8	P45579	1
P0AFT8	P64616	1
P0AFT8	P67660	1
P0AFT8	P77580	1
P0AFT8	Q2M7X4	1
P0AFU4	P0A8V0	1
P0AFU4	P39409	1
P0AFW8	P0AB18	1
P0AFX4	P0AFX4	1
P0AFY8	P0AFY8	1
P0AG07	P0A988	1
P0AG30	P0AES0	1
P0AG30	P0AFG0	1
P0AG30	P0AG30	1
P0AG30	P32157	1
P0AG48	P0A7W7	1
P0AG51	P12996	1
P0AG51	P76484	1
P0AG55	Q46948	1
P0AG67	Q46948	1
P0AG76	P0AA37	1
P0AG76	P0AGG0	1
P0AG99	P10408	1
P0AGB6	P07364	1
P0AGB6	P0A8N0	1
P0AGB6	P0ACL5	1
P0AGB6	P0AFX7	1
P0AGB6	P0AGB6	1
P0AGB6	Q46864	1
P0AGD7	P10121	1
P0AGE0	P06710	1
P0AGG0	P77609	1
P0AGG4	P37177	1
P0AGG4	P76161	1
P0AGI4	P08368	1
P0AGI4	P0ABW5	1
P0AGI4	P68646	1
P0AGJ2	P04846	1
P0AGJ2	P05020	1
P0AGJ2	P0AAY6	1
P0AGJ2	P0AGJ2	1
P0AGJ2	P28630	1
P0AGJ5	P17443	1
P0AGK8	P0AGK8	1
P0C018	P30131	1
P0C037	P0DTT0	1
P0C037	P39409	1
P0C058	P0C058	1
P0C0L2	P0C0L2	1
P0C960	P0ACJ8	1
P0C960	P64530	1
P0CE48	P06993	1
P0CE48	Q46948	1
P0DMC7	P0A951	1
P0DMC7	P0DMC7	1
P0DMC7	P39838	1
P0DMC7	Q46864	1
P0DTT0	P0DTT0	1
P10100	P0A855	1
P10151	P0AB38	1
P10151	P24182	1
P10151	P69228	1
P10346	P04983	1
P10346	P10346	1
P10378	P07003	1
P10378	P0ADI4	1
P10378	P30750	1
P10378	P76121	1
P10378	P77378	1
P10408	Q46948	1
P10443	P0A988	1
P10902	P11458	1
P10908	P0AG11	1
P10908	P32662	1
P11553	P11553	1
P11880	P11880	1
P11989	P06710	1
P11989	P0ACS9	1
P11989	P11989	1
P11989	P19636	1
P11989	P41052	1
P11989	P75862	1
P11989	P77700	1
P12281	P12281	1
P12996	P11071	1
P12996	P23862	1
P12996	P31063	1
P12996	P39325	1
P12996	P42620	1
P12996	Q46867	1
P13458	P76092	1
P14175	P14175	1
P14900	P14900	1
P15005	P15005	1
P15005	P63177	1
P15028	P0A8N0	1
P15028	P0ACK8	1
P15028	P0ACX9	1
P15028	P11988	1
P15028	P77561	1
P15042	P00956	1
P15042	P02925	1
P15042	P06612	1
P15042	P15042	1
P15042	P19930	1
P15067	P0ABW5	1
P15067	P76500	1
P15070	P06974	1
P15070	P15070	1
P15082	P09373	1
P15288	P15288	1
P15373	P05523	1
P15639	P15639	1
P15770	P0AGJ2	1
P16384	P0ACP1	1
P16384	P60390	1
P16432	P0AA25	1
P16433	P0A9F1	1
P16433	P16433	1
P16678	P16679	1
P16678	P37631	1
P16685	P04983	1
P16687	P32131	1
P16691	P0A8D0	1
P16703	P0AAG8	1
P16703	P0ABW5	1
P16703	P24182	1
P16703	P28722	1
P16703	P33014	1
P16703	P45577	1
P16703	P76344	1
P16918	P0DM85	1
P16918	P23869	1
P17109	P17109	1
P17117	P08312	1
P17117	P28630	1
P17117	Q2M7R5	1
P17169	P76093	1
P17315	P0ABB0	1
P17410	P00579	1
P17410	P09377	1
P17410	P0A7C2	1
P17410	P0A9E0	1
P17410	P17410	1
P17410	P77396	1
P17446	P60785	1
P17952	P15033	1
P17952	P17952	1
P17952	P39328	1
P17952	P77609	1
P17993	P00909	1
P17993	P07117	1
P17993	P61175	1
P18196	P00946	1
P18196	P0A6I0	1
P18196	P0A6T9	1
P18196	P0A8B2	1
P18196	P0A8D3	1
P18196	P0A9I1	1
P18196	P0A9Q5	1
P18196	P0AAN5	1
P18196	P0ACG8	1
P18196	P0ACM9	1
P18196	P0AEF4	1
P18196	P0AEJ8	1
P18196	P0AEZ3	1
P18196	P18196	1
P18196	P27254	1
P18196	P28630	1
P18196	P30131	1
P18196	P39363	1
P18196	P39409	1
P18196	P45771	1
P18196	P77580	1
P18775	P07000	1
P18776	Q2M7R5	1
P18811	P0A7A7	1
P18811	P0AGB6	1
P18811	P62395	1
P18843	P09557	1
P18843	P18843	1
P18843	P77609	1
P19317	P04825	1
P19317	P09152	1
P19317	P19317	1
P19317	P19318	1
P19317	P42593	1
P19318	P04825	1
P19318	P42593	1
P19624	P19624	1
P19636	P06993	1
P19636	P0A8F8	1
P19636	P0AAY6	1
P19636	P0ABA4	1
P19636	P0ABS5	1
P19636	P0AEF4	1
P19636	P0AEP9	1
P19636	P0C037	1
P19636	P12996	1
P19636	P23871	1
P19636	P24178	1
P19636	P75825	1
P19636	P76275	1
P19636	P76551	1
P19925	P0ACJ8	1
P19930	P19930	1
P20083	P20083	1
P20605	P20605	1
P20605	P75919	1
P21170	P0A6L9	1
P21170	P21170	1
P21170	P76162	1
P21179	P21179	1
P21189	P00960	1
P21362	P0A8F8	1
P21362	P21362	1
P21367	P37348	1
P21507	P21507	1
P21507	P21513	1
P21507	P37765	1
P21599	P19642	1
P21599	P21599	1
P21599	P52052	1
P21865	P21865	1
P21866	P21865	1
P21893	P0ACL5	1
P21893	P14294	1
P22106	P22106	1
P22256	P33014	1
P22256	P39367	1
P22524	P0ACL5	1
P22524	P28638	1
P22634	P0A8A4	1
P22634	P0AFW4	1
P22634	P22634	1
P22634	P37313	1
P22634	P39409	1
P22634	P64564	1
P22731	Q46868	1
P22939	P22939	1
P22939	P77609	1
P23305	P22634	1
P23367	P23367	1
P23827	P23827	1
P23836	P23836	1
P23840	P0AFZ1	1
P23843	P03018	1
P23845	P21156	1
P23857	P04994	1
P23878	P17444	1
P23878	P23878	1
P23890	P23890	1
P23893	P0ACL5	1
P23930	P21599	1
P24178	P24178	1
P24182	P0ABD8	1
P24182	P24182	1
P24182	P25539	1
P24192	P0AAM7	1
P24193	P16431	1
P24193	P24193	1
P24193	P30131	1
P24203	P0AED0	1
P24228	P0A6E4	1
P24242	P05523	1
P24242	P06616	1
P24242	P0A855	1
P24242	P0A8N0	1
P24242	P23862	1
P24242	P24242	1
P24242	P39363	1
P24242	P40191	1
P24242	P45544	1
P24242	P75862	1
P24242	P76061	1
P24554	P0AFW4	1
P25437	P25437	1
P25516	P31551	1
P25516	Q46948	1
P25519	P33602	1
P25524	P25524	1
P25534	P0ACU0	1
P25534	P17993	1
P25534	P25522	1
P25534	P64439	1
P25534	P77390	1
P25534	P77580	1
P25535	P00805	1
P25536	P15373	1
P25539	P25539	1
P25553	Q46948	1
P25745	P27298	1
P25748	P03024	1
P25889	P77580	1
P25907	P19930	1
P26266	P0A8I3	1
P26266	P68644	1
P26266	P76015	1
P26266	P76177	1
P26602	P26602	1
P26616	P28722	1
P26646	P0A7W7	1
P26648	P26648	1
P27249	P0AFB5	1
P27254	P0A6E9	1
P27254	P0ACS9	1
P27254	P39405	1
P27254	P77467	1
P27254	Q46948	1
P27303	P27303	1
P27836	P69797	1
P27838	P0A734	1
P27838	P76500	1
P27848	P45577	1
P27848	P76344	1
P27862	P42599	1
P27896	P0AF28	1
P28304	P28304	1
P28305	P0A799	1
P28305	P28305	1
P28630	P03007	1
P28630	P0A8F8	1
P28630	P0A988	1
P28630	P0ACB0	1
P28630	P0AFD1	1
P28630	P0AFU6	1
P28630	P10443	1
P28630	P28631	1
P28630	P32718	1
P28630	P75883	1
P28630	Q47150	1
P28632	P14294	1
P28638	P00960	1
P28638	P04983	1
P28638	P06616	1
P28638	P09158	1
P28638	P0A8A0	1
P28638	P0A8C4	1
P28638	P0A9Q5	1
P28638	P0AB33	1
P28638	P0ABU5	1
P28638	P0ACT2	1
P28638	P0AFW4	1
P28638	P0AGB6	1
P28638	P15770	1
P28638	P27254	1
P28638	P37671	1
P28638	P37680	1
P28638	P45771	1
P28638	P45955	1
P28638	P60240	1
P28638	P62623	1
P28638	P69829	1
P28638	P76010	1
P28638	P76161	1
P28638	P76215	1
P28638	P76569	1
P28638	P77580	1
P28638	P77746	1
P28638	Q46864	1
P28721	P0ADG4	1
P28903	P0AAF6	1
P28903	P28903	1
P28903	P30138	1
P28904	P24218	1
P28905	P06710	1
P28905	P28631	1
P28905	P28632	1
P28905	P28905	1
P28905	P56976	1
P28912	P0ABB0	1
P29131	P39409	1
P29745	P29745	1
P30125	P00893	1
P30126	P0A6A6	1
P30126	P0A870	1
P30126	P30126	1
P30138	P0A6G5	1
P30147	P30750	1
P30147	P33014	1
P30147	P37909	1
P30147	P39834	1
P30147	P68646	1
P30178	P30178	1
P30235	P0ACL5	1
P30749	P0A6Z6	1
P30749	P0ACL5	1
P30749	P0ACX9	1
P30749	P0AG11	1
P30749	P19636	1
P30749	P30748	1
P30749	P30749	1
P30749	P46888	1
P30749	P75824	1
P30750	P00926	1
P30750	P05100	1
P30750	P0A9F1	1
P30750	P0AAF6	1
P30750	P0AAN5	1
P30750	P0AC92	1
P30750	P0ACR7	1
P30750	P0AEI6	1
P30750	P0AFL6	1
P30750	P0AFW4	1
P30750	P0C8J8	1
P30750	P15047	1
P30750	P16433	1
P30750	P24178	1
P30750	P30131	1
P30750	P37766	1
P30750	P39284	1
P30750	P45771	1
P30750	P60664	1
P30750	P64455	1
P30750	P68688	1
P30750	P69902	1
P30750	P69910	1
P30750	P76396	1
P30750	P77161	1
P30750	P77444	1
P30750	P77493	1
P30750	P77580	1
P30750	P77585	1
P30750	P77689	1
P30750	Q47690	1
P30850	P0A7W1	1
P31062	P23862	1
P31135	P31134	1
P31449	P36662	1
P31460	P31460	1
P31552	P0ACN4	1
P31552	P31552	1
P31572	P09162	1
P31574	P06993	1
P31574	P0AES0	1
P31574	P32157	1
P31574	P60566	1
P31600	P31600	1
P31663	P65556	1
P31802	P27896	1
P31802	P75957	1
P32125	P32125	1
P32157	P32157	1
P32176	Q46948	1
P32669	P10441	1
P32669	P33919	1
P32676	P0A7B1	1
P32676	P32677	1
P32677	P0A8B2	1
P32694	P0AB38	1
P32700	P09153	1
P32700	P0A805	1
P32700	P0AEJ8	1
P32700	P45577	1
P32712	P00805	1
P32715	P32715	1
P32718	P32718	1
P33014	P07649	1
P33014	P07862	1
P33014	P0A749	1
P33014	P0ACZ4	1
P33014	P0AED7	1
P33014	P0AGG0	1
P33014	P23522	1
P33014	P36673	1
P33014	P68567	1
P33014	P69816	1
P33014	P75691	1
P33014	P76341	1
P33014	P77161	1
P33014	Q2M7X4	1
P33030	P0AB10	1
P33030	P0ADI4	1
P33030	P30014	1
P33030	Q2M7R5	1
P33129	P02925	1
P33129	P15042	1
P33129	P19930	1
P33218	P50457	1
P33221	P22939	1
P33221	P33221	1
P33235	P43533	1
P33235	P75913	1
P33354	P0A9P9	1
P33354	P0AFI5	1
P33354	P15028	1
P33360	P11071	1
P33361	P0ABE2	1
P33361	P0AEF8	1
P33361	P33361	1
P33593	P0A9A2	1
P33593	P0AFI7	1
P33593	P76097	1
P33594	P0A7W7	1
P33594	P33594	1
P33599	P33602	1
P33602	P33602	1
P33602	Q46948	1
P33650	P33650	1
P33937	P0A9I5	1
P36560	P0A8N0	1
P36560	P0ADK6	1
P36560	P38105	1
P36683	Q46948	1
P36879	P06988	1
P36938	P36938	1
P36979	P36979	1
P37009	P0CE48	1
P37146	P0ACX0	1
P37146	P56258	1
P37177	P0A756	1
P37177	P0AA25	1
P37188	P0A805	1
P37194	P37194	1
P37195	P52097	1
P37309	P19932	1
P37339	P0A9L5	1
P37348	P0AED0	1
P37348	P37348	1
P37387	P0A7K2	1
P37388	P0AE48	1
P37627	P22188	1
P37631	P0AAB4	1
P37631	P76114	1
P37636	P0A9M2	1
P37636	P32669	1
P37640	P0A6F5	1
P37640	P0A9F1	1
P37640	P0ABA6	1
P37647	P17109	1
P37647	P37647	1
P37653	P77285	1
P37661	P0ACJ8	1
P37661	P0ACL5	1
P37661	Q46864	1
P37664	P0ADK0	1
P37669	P37669	1
P37680	P37627	1
P37751	P0A8E1	1
P37759	P02929	1
P37759	P09546	1
P37759	P30750	1
P37759	P37759	1
P37765	P75864	1
P37773	P37773	1
P37902	P37902	1
P37909	P05637	1
P37909	P07639	1
P37909	P07862	1
P37909	P08178	1
P37909	P08337	1
P37909	P0A9E0	1
P37909	P0AC75	1
P37909	P10408	1
P37909	P11446	1
P37909	P15067	1
P37909	P16703	1
P37909	P19624	1
P37909	P31549	1
P37909	P33354	1
P37909	P39279	1
P37909	P39310	1
P37909	P39380	1
P37909	P45395	1
P37909	P58094	1
P37909	P75777	1
P37909	Q2M7X4	1
P38038	P38038	1
P38038	P75863	1
P38489	P38489	1
P38506	P07026	1
P38521	P64455	1
P38521	Q46901	1
P38684	P39453	1
P39176	P08312	1
P39208	P00579	1
P39208	P0AA04	1
P39208	P19636	1
P39208	P24242	1
P39208	P77174	1
P39208	P77692	1
P39265	P19636	1
P39265	P76162	1
P39277	P76072	1
P39284	P0C018	1
P39284	P75862	1
P39325	P0AE06	1
P39336	P00956	1
P39336	P02925	1
P39336	P15042	1
P39336	P19930	1
P39336	P75767	1
P39351	P0ACU2	1
P39351	P0AFG0	1
P39351	P67553	1
P39351	P69913	1
P39351	P75862	1
P39351	Q46864	1
P39353	P0A9F1	1
P39353	P39353	1
P39358	P39358	1
P39360	P0ABE2	1
P39362	P14900	1
P39380	P0ABW5	1
P39405	P0A9I1	1
P39405	P0A9Q5	1
P39405	P0AA25	1
P39405	P0ABA6	1
P39405	P0ACL9	1
P39405	P0ACM9	1
P39405	P31063	1
P39405	P60664	1
P39407	P39407	1
P39409	P09147	1
P39409	Q46867	1
P39452	P0A8F8	1
P39831	P39831	1
P39834	P00888	1
P39834	P00909	1
P39834	P07639	1
P39834	P08337	1
P39834	P09147	1
P39834	P0A6T3	1
P39834	P0A749	1
P39834	P0A9E0	1
P39834	P0AA37	1
P39834	P0AD17	1
P39834	P0ADN2	1
P39834	P0AGA6	1
P39834	P0AGG0	1
P39834	P0C037	1
P39834	P15067	1
P39834	P19624	1
P39834	P39310	1
P39834	P39380	1
P39834	P45395	1
P39834	P58094	1
P39834	P77161	1
P39834	P77649	1
P39834	P77650	1
P39834	Q47690	1
P40191	P0C0L2	1
P40191	P33354	1
P40191	P76364	1
P41052	P39363	1
P41052	P75883	1
P41443	P69902	1
P41443	P76086	1
P42596	P76346	1
P42599	P0AG11	1
P42599	P11071	1
P42599	P18775	1
P42624	P37773	1
P42624	P67660	1
P42630	P09833	1
P42630	P76506	1
P43533	P0ABA4	1
P43674	P0AAM7	1
P43674	P24193	1
P45422	P0ADG4	1
P45541	P0AAJ8	1
P45543	P0A9J0	1
P45543	P0AG07	1
P45543	P45543	1
P45543	Q46839	1
P45549	P06993	1
P45577	P07649	1
P45577	P09980	1
P45577	P0A6I0	1
P45577	P0A6K6	1
P45577	P0A6Q3	1
P45577	P0A9P9	1
P45577	P0AAU7	1
P45577	P0ABS1	1
P45577	P0AGA6	1
P45577	P0C037	1
P45577	P0DTT0	1
P45577	P12996	1
P45577	P23882	1
P45577	P24178	1
P45577	P46144	1
P45577	P64455	1
P45577	P68567	1
P45577	Q57261	1
P45579	P09153	1
P45579	P0A805	1
P45579	P0A9A6	1
P45579	P45579	1
P45768	P0A9Q5	1
P45768	P0ABD5	1
P45771	P75862	1
P45771	P76121	1
P45955	P0ACL5	1
P45956	P76344	1
P45956	P76500	1
P46837	P46837	1
P46888	P0A8B2	1
P46888	P0A9Q5	1
P46888	P28630	1
P46888	P30131	1
P46888	P45771	1
P51020	P00895	1
P52052	P52052	1
P52060	P09153	1
P52060	P0AEJ8	1
P52062	P0AAG8	1
P52062	P0ACJ8	1
P52062	P68646	1
P52062	P69741	1
P52097	P45577	1
P52097	P52097	1
P52102	P0AA25	1
P52102	P0ABE2	1
P52102	P0AEZ3	1
P52102	P28630	1
P52102	P60664	1
P52106	P52106	1
P52126	P03817	1
P52126	P0A7Q1	1
P52126	P64616	1
P52612	P07364	1
P52612	P0A7W7	1
P52612	P0AGB6	1
P52612	P15070	1
P52612	P52612	1
P52614	P0AEL3	1
P52614	P25437	1
P52614	P69488	1
P52627	P24193	1
P54745	P0ACA3	1
P56258	P64530	1
P56579	P76080	1
P58094	P76500	1
P60422	P0A7W7	1
P60422	P45759	1
P60422	Q46948	1
P60560	P15288	1
P60566	P0A9U1	1
P60566	P0AA25	1
P60664	P75728	1
P60716	P60716	1
P60716	P63389	1
P60785	P39367	1
P61949	P07000	1
P61949	P0A776	1
P61949	P0A7L8	1
P61949	P0A7V8	1
P61949	P0A7W1	1
P61949	P0ACH8	1
P61949	P0ACL5	1
P61949	P33596	1
P61949	P45577	1
P61949	P76135	1
P62399	Q46948	1
P63020	P08201	1
P63177	P31806	1
P63228	P0A7B1	1
P63284	P0A6Y8	1
P63284	P33014	1
P63284	P67553	1
P63284	Q46948	1
P64423	P60785	1
P64423	P64423	1
P64435	P69811	1
P64439	P0ACL5	1
P64439	P0AFW2	1
P64439	P45577	1
P64455	P0A805	1
P64455	P0AA10	1
P64488	P0A9P4	1
P64503	P0A6R3	1
P64503	P64503	1
P64503	P76034	1
P64519	P64503	1
P64519	P76034	1
P64530	P0ABA4	1
P64540	P06974	1
P64540	P0A8A4	1
P64540	P25907	1
P64559	P0AC41	1
P64559	P15047	1
P64599	P68646	1
P64602	P0A8A4	1
P64602	P0AE06	1
P64610	P37627	1
P64616	P0A7B1	1
P64616	P33931	1
P64638	P19930	1
P64638	P39409	1
P65292	P0A7V3	1
P67553	P12999	1
P67553	P15067	1
P67553	P32162	1
P67553	P52060	1
P67553	P64631	1
P67553	P75855	1
P67660	P0ABB0	1
P67697	P76106	1
P67701	P0AFI5	1
P67701	P64578	1
P68206	P0A805	1
P68567	P0AFZ1	1
P68567	P39409	1
P68646	P00909	1
P68646	P00934	1
P68646	P06974	1
P68646	P07649	1
P68646	P09147	1
P68646	P0A8D3	1
P68646	P0ABH9	1
P68646	P0ACA1	1
P68646	P0ACT6	1
P68646	P0AEB5	1
P68646	P0C037	1
P68646	P11454	1
P68646	P12295	1
P68646	P19624	1
P68646	P25539	1
P68646	P28630	1
P68646	P28911	1
P68646	P37680	1
P68646	P42620	1
P68646	P45579	1
P68646	P46144	1
P68646	P64455	1
P68646	P67080	1
P68646	P68567	1
P68646	P77580	1
P68646	P77649	1
P68646	P77650	1
P68646	Q2M7R5	1
P68646	Q47690	1
P68679	P0A7W7	1
P68739	P68739	1
P69054	P77378	1
P69222	P77609	1
P69222	Q46855	1
P69228	P69228	1
P69348	P69346	1
P69432	P0A8Y5	1
P69432	P0A9M0	1
P69432	P0AED9	1
P69432	P25522	1
P69432	P61889	1
P69432	P69432	1
P69739	P19930	1
P69739	P19932	1
P69741	P00960	1
P69741	P0AA25	1
P69741	P0ABE2	1
P69741	P0AEF4	1
P69741	P77580	1
P69797	P69797	1
P69811	P69811	1
P69816	P76500	1
P69829	P0ACL5	1
P69829	P0ADG4	1
P69829	P21865	1
P69829	P65294	1
P69910	P64534	1
P69913	P45807	1
P69913	P63228	1
P69922	P69922	1
P69931	P0A988	1
P69931	P0AFI5	1
P69931	P69931	1
P71239	P0AED7	1
P75691	P0AAF3	1
P75693	P22188	1
P75728	P42620	1
P75728	P75728	1
P75742	P76594	1
P75745	P16703	1
P75749	P69913	1
P75767	P00956	1
P75767	P02925	1
P75767	P06612	1
P75767	P07813	1
P75767	P0AEW6	1
P75767	P15042	1
P75767	P19930	1
P75767	P33129	1
P75767	P75767	1
P75824	P0AF59	1
P75824	P0AFD1	1
P75824	P0AFT8	1
P75824	P24178	1
P75824	P37636	1
P75824	P39325	1
P75824	P64455	1
P75824	P69741	1
P75825	P75825	1
P75826	P14175	1
P75856	P64483	1
P75862	P07109	1
P75862	P0A7B1	1
P75862	P0ADI4	1
P75862	P0AGA6	1
P75862	P30131	1
P75862	P75862	1
P75862	P77467	1
P75862	P77580	1
P75863	P75863	1
P75864	P0DTT0	1
P75864	P60240	1
P75883	Q2M7R5	1
P75957	P0A8N0	1
P75957	P12295	1
P75957	P23862	1
P75958	P20966	1
P75958	P37908	1
P75958	P75946	1
P75958	Q46855	1
P75960	P75869	1
P75960	P75960	1
P75966	P0A6E9	1
P75973	P0A7V3	1
P75973	P0A7X3	1
P75977	P41052	1
P75993	P28630	1
P76007	P11071	1
P76008	P39409	1
P76015	P20083	1
P76015	P76016	1
P76027	P33916	1
P76035	P0ACJ0	1
P76061	P39360	1
P76061	P39409	1
P76061	P41052	1
P76072	P80644	1
P76079	P09996	1
P76079	P0A9Q5	1
P76079	P0ABE2	1
P76079	P0AEF4	1
P76079	P71237	1
P76080	P0AEF4	1
P76086	P0ABA6	1
P76086	P0AE82	1
P76086	P29131	1
P76092	P15082	1
P76092	P28632	1
P76102	P0A7W7	1
P76106	P76556	1
P76121	P63228	1
P76143	P07117	1
P76148	P0AF76	1
P76148	P28631	1
P76196	P0A8D3	1
P76201	P77378	1
P76215	P0ACS9	1
P76236	P75862	1
P76237	P32715	1
P76256	P05852	1
P76256	P0ACS9	1
P76256	P0AF67	1
P76256	P76256	1
P76268	P64503	1
P76275	P0A9E0	1
P76334	P63746	1
P76344	P0ADN0	1
P76344	P0ADP9	1
P76344	P26616	1
P76344	P37614	1
P76346	P0ADN0	1
P76346	P32685	1
P76346	P77692	1
P76361	P20605	1
P76364	P0A805	1
P76364	P22188	1
P76373	P0A8F8	1
P76407	P0ABH7	1
P76483	P31134	1
P76484	P05020	1
P76484	P26648	1
P76484	P76540	1
P76500	P0A881	1
P76500	P0ADN2	1
P76500	P63389	1
P76501	P16703	1
P76501	P26616	1
P76501	P63389	1
P76502	P00805	1
P76502	P33030	1
P76502	P64534	1
P76502	P76344	1
P76502	P77717	1
P76502	Q2EES9	1
P76502	Q46864	1
P76505	P06616	1
P76506	P0ABD5	1
P76513	P0AE01	1
P76524	P0A6F5	1
P76555	P61889	1
P76555	P76555	1
P76555	P77218	1
P76555	P77609	1
P76555	Q46801	1
P76561	P0A6M8	1
P76569	P0ACJ8	1
P76569	P76344	1
P76576	P36662	1
P76594	P0A9W0	1
P76594	P77802	1
P76639	Q57261	1
P76641	P76641	1
P76938	P0ADF8	1
P76938	P37313	1
P76938	P64564	1
P76938	P75728	1
P77173	P0A9A6	1
P77174	P00960	1
P77174	P06993	1
P77174	P0A8F8	1
P77174	P0AAK4	1
P77174	P0AAY6	1
P77174	P0ACG8	1
P77174	P0ACS9	1
P77174	P0AEP9	1
P77174	P0AFW4	1
P77174	P11458	1
P77174	P24242	1
P77174	P27254	1
P77174	P68688	1
P77174	P75824	1
P77174	P75825	1
P77174	P75862	1
P77174	P76551	1
P77174	P77174	1
P77174	P77216	1
P77174	P77218	1
P77174	P77234	1
P77174	Q2M7X4	1
P77174	Q46802	1
P77187	P77297	1
P77188	P62620	1
P77221	P0AFJ5	1
P77221	P77397	1
P77234	P0A8N0	1
P77234	P0ABB0	1
P77234	P0ACZ4	1
P77234	P23862	1
P77234	P39325	1
P77239	P0C018	1
P77257	P0A8B2	1
P77279	P62623	1
P77279	P77279	1
P77285	P77285	1
P77295	P0A6Z6	1
P77295	P0ABE2	1
P77295	P0ACN7	1
P77308	P0AAG0	1
P77319	P32677	1
P77357	Q46868	1
P77376	P77376	1
P77390	P0A8D3	1
P77390	P69741	1
P77396	P77396	1
P77398	P68646	1
P77425	P0ACR0	1
P77434	P30750	1
P77434	P77434	1
P77434	P77585	1
P77444	P0ACJ8	1
P77444	Q46896	1
P77467	P23862	1
P77485	P77549	1
P77493	P0A8X4	1
P77499	P77522	1
P77499	P77689	1
P77539	P77539	1
P77546	P77546	1
P77581	P76407	1
P77609	P10441	1
P77609	P25539	1
P77609	P77609	1
P77615	P77615	1
P77625	P0A9M8	1
P77649	P17993	1
P77650	P39409	1
P77692	P23840	1
P77732	P23862	1
P77732	P77732	1
P77737	P16703	1
P77737	P77467	1
P77806	P0ABI8	1
P77806	P0AFT8	1
P77806	P10443	1
P77806	P13033	1
P77806	P30750	1
P77806	P68646	1
P77806	P69441	1
P77806	P77806	1
P78271	P64534	1
Q2M7X4	P45577	1
Q46801	P75824	1
Q46802	Q46802	1
Q46811	P36771	1
Q46851	P26648	1
Q46851	P76484	1
Q46855	P10441	1
Q46864	P00893	1
Q46864	P04983	1
Q46864	P05050	1
Q46864	P06616	1
Q46864	P07000	1
Q46864	P07117	1
Q46864	P08312	1
Q46864	P0A7L8	1
Q46864	P0A7M9	1
Q46864	P0A8N0	1
Q46864	P0A9A2	1
Q46864	P0A9E5	1
Q46864	P0A9I1	1
Q46864	P0AAU7	1
Q46864	P0ABH9	1
Q46864	P0ACL5	1
Q46864	P0ACM9	1
Q46864	P0ACN7	1
Q46864	P0ACQ0	1
Q46864	P0ACS9	1
Q46864	P0ACX9	1
Q46864	P0AD57	1
Q46864	P0AE14	1
Q46864	P0AFI5	1
Q46864	P0C037	1
Q46864	P10441	1
Q46864	P22564	1
Q46864	P23893	1
Q46864	P29745	1
Q46864	P30748	1
Q46864	P33346	1
Q46864	P41052	1
Q46864	P42599	1
Q46864	P42641	1
Q46864	P69222	1
Q46864	P69931	1
Q46864	P76097	1
Q46864	P76344	1
Q46864	P76396	1
Q46864	P76569	1
Q46864	P77378	1
Q46864	P78271	1
Q46864	Q46864	1
Q46864	Q46896	1
Q46868	P23862	1
Q46871	P28630	1
Q46896	P04983	1
Q46896	P0A9C5	1
Q46896	P12996	1
Q46896	P32137	1
Q46896	P42599	1
Q46896	P76215	1
Q46896	P76272	1
Q46896	P76339	1
Q46896	Q46896	1
Q46908	P71301	1
Q46908	Q46907	1
Q46919	P09147	1
Q46925	P0AGF2	1
Q46925	Q46925	1
Q46939	Q46939	1
Q46941	P00909	1
Q46941	P77649	1
Q46942	P0ACL5	1
Q46948	P0A7J3	1
Q46948	P0A7V3	1
Q46948	P0A862	1
Q46948	P0AA10	1
Q46948	P0AFG3	1
Q46948	P21179	1
Q46948	Q46948	1
Q47147	P08312	1
Q47147	P0A7B1	1
Q47147	P0A8R9	1
Q47147	P0AGG0	1
Q47147	P12996	1
Q47147	P22634	1
Q47147	P30125	1
Q47147	P31802	1
Q47149	Q47150	1
Q47150	Q47150	1
Q47274	P33018	1
Q47274	P39405	1
Q47319	P0AFF6	1
Q57083	P0A9F1	1
Q57083	Q57083	1
P00579	Q47150	0
P00861	P77609	0
P00893	P0A937	0
P00893	P0AAM7	0
P00893	P0AFB5	0
P00893	P77165	0
P00894	P0AC41	0
P00895	P36662	0
P00909	P0A9L5	0
P00909	P64564	0
P00914	P77650	0
P00926	P77213	0
P00936	P05052	0
P00936	P0A887	0
P00936	P0AB18	0
P00946	P0A9M2	0
P00946	P0AAG0	0
P00946	P77257	0
P00956	P65294	0
P00957	P07639	0
P00957	P0A9M2	0
P00957	P0AB10	0
P00959	P02925	0
P00963	P67701	0
P02359	P33650	0
P02359	P76180	0
P02413	P0AAJ8	0
P02413	P15373	0
P02413	P37614	0
P02413	P39177	0
P02925	P0AE14	0
P02929	P12281	0
P02942	P50457	0
P03004	P42596	0
P03014	P39367	0
P03014	P52102	0
P03018	P0A734	0
P03018	P0AEW4	0
P03018	P64423	0
P03018	P77357	0
P03023	P0AFM2	0
P03023	P23869	0
P03023	P39362	0
P03023	P75869	0
P03030	P0A8G0	0
P03030	P0A9F1	0
P03030	P25516	0
P03817	P31443	0
P03817	P60390	0
P04335	P0A951	0
P04335	P0AE52	0
P04335	P37680	0
P04425	P0ACR0	0
P04846	P02925	0
P04846	P76016	0
P04951	P37909	0
P04983	P0A6R3	0
P04983	P0AAF3	0
P04983	P33346	0
P05020	P02942	0
P05041	P0A6L9	0
P05050	P0A881	0
P05050	P45544	0
P05052	P0AGG0	0
P05052	Q57261	0
P05055	P0A887	0
P05055	P0AD21	0
P05055	P32677	0
P05100	P0AC73	0
P05100	P19932	0
P05100	Q47690	0
P05523	P22188	0
P05637	P30014	0
P05704	P02930	0
P05704	P11880	0
P05793	P00956	0
P05793	P0ADP9	0
P05793	P0AFX7	0
P05793	P28903	0
P05824	P0A8C4	0
P05824	P0ACC7	0
P05824	P45955	0
P05827	P0AC41	0
P05827	P0AEF4	0
P05827	P52052	0
P06134	P0AA37	0
P06134	P0ABI8	0
P06134	P69811	0
P06136	P0A988	0
P06136	P39279	0
P06136	P76561	0
P06136	P76641	0
P06612	P00805	0
P06612	P00963	0
P06612	P0A805	0
P06612	P37680	0
P06612	P64564	0
P06612	P75913	0
P06616	P0A6Z3	0
P06616	P0A951	0
P06616	P0AE06	0
P06616	P60240	0
P06722	P0A9E2	0
P06987	P04846	0
P06987	P16431	0
P06987	Q46855	0
P06993	P06959	0
P06993	P0ACJ0	0
P06993	P67660	0
P07001	P0AA10	0
P07001	P0C0L2	0
P07001	P75863	0
P07004	P0A7R9	0
P07004	P69488	0
P07004	P77279	0
P07004	Q46864	0
P07012	P37349	0
P07026	P0A6G5	0
P07026	P0A6Z3	0
P07026	P68567	0
P07109	P0A8D3	0
P07109	P67697	0
P07117	P77522	0
P07118	P00805	0
P07118	P0AC75	0
P07118	P0ACL9	0
P07364	P0ACM9	0
P07364	P33346	0
P07364	P37773	0
P07395	P0ACX0	0
P07395	P10443	0
P07395	P16431	0
P07395	P23882	0
P07395	P24203	0
P07639	P0A9A6	0
P07639	P0A9F9	0
P07639	P32131	0
P07649	P0AB77	0
P07658	P0AAG0	0
P07658	P0ACD8	0
P07658	P75863	0
P07813	P0A6B7	0
P07813	P0A6F5	0
P07813	P0A962	0
P07813	P0ABS5	0
P07813	P80644	0
P07821	P02942	0
P07821	P08178	0
P07821	P32176	0
P07821	P64610	0
P07821	P76180	0
P07862	P0A9L5	0
P07913	P0A8G0	0
P07913	P19318	0
P07913	P28631	0
P07913	P69739	0
P07913	P76008	0
P08142	P0AAM3	0
P08178	P0A7V3	0
P08179	P0A9S1	0
P08179	P19624	0
P08179	P27298	0
P08200	P06959	0
P08200	P0A7X3	0
P08200	Q46907	0
P08201	P69741	0
P08337	P0A700	0
P08337	P0A805	0
P08337	P0AAJ8	0
P08368	P76501	0
P08373	P75693	0
P08390	P0AFW2	0
P08390	P31135	0
P08394	P0AE52	0
P08394	P0AFI5	0
P08394	P15047	0
P08394	P17109	0
P08394	P39176	0
P08401	P0ABA4	0
P08401	P52106	0
P08401	P77188	0
P08622	P05041	0
P08622	P11553	0
P08622	P75913	0
P08722	P0ACH8	0
P08722	P0AFX7	0
P08722	P42593	0
P08722	P77766	0
P08839	P0AED7	0
P08839	P69488	0
P09147	P36771	0
P09152	P00893	0
P09152	P04994	0
P09153	P0AC41	0
P09153	P18133	0
P09153	P76162	0
P09162	P0ADG4	0
P09162	P29131	0
P09162	P76555	0
P09184	P0A7V8	0
P09184	P19642	0
P09373	P0AC75	0
P09373	P29131	0
P09378	P09153	0
P09378	P0ABR9	0
P09378	P24178	0
P09378	P25798	0
P09378	P39363	0
P09391	P15033	0
P09391	P32662	0
P09546	P28722	0
P09546	P64463	0
P09546	P75863	0
P09546	Q46839	0
P09557	P0ACC7	0
P09557	P24216	0
P09996	P0AEF4	0
P09996	P45759	0
P0A698	P24218	0
P0A6B7	P19642	0
P0A6B7	P28634	0
P0A6E9	P76245	0
P0A6F1	P0AEC3	0
P0A6F1	P37614	0
P0A6F1	P75691	0
P0A6F1	P77221	0
P0A6F5	P09833	0
P0A6F5	P76162	0
P0A6G5	P0ABD8	0
P0A6G5	P0AE14	0
P0A6G7	P64423	0
P0A6H1	P45579	0
P0A6H1	P76079	0
P0A6J8	P09147	0
P0A6K3	P05050	0
P0A6K3	P25748	0
P0A6K3	P45759	0
P0A6K3	P76256	0
P0A6L2	P0ABD8	0
P0A6L2	P32718	0
P0A6L9	P0AGA6	0
P0A6L9	P23882	0
P0A6P5	P0A6B7	0
P0A6P5	P0AEM6	0
P0A6Q3	P0A6E6	0
P0A6Q3	P0A962	0
P0A6Q3	P75938	0
P0A6S3	P0A6Y8	0
P0A6S3	P11988	0
P0A6S5	P69441	0
P0A6S5	P76364	0
P0A6S7	P61889	0
P0A6T1	P32662	0
P0A6T3	P0AB77	0
P0A6T3	P11446	0
P0A6T5	P0AEE5	0
P0A6T9	P0AEI4	0
P0A6U3	P77625	0
P0A6V1	P07000	0
P0A6V1	P0A786	0
P0A6V1	P22188	0
P0A6W9	P0AAJ8	0
P0A6W9	P22731	0
P0A6X7	P0A6L9	0
P0A6X7	P0A6T1	0
P0A6X7	P0A7F3	0
P0A6X7	P0AEJ8	0
P0A6Y8	P0A7V0	0
P0A6Y8	P0A9W0	0
P0A6Y8	P33650	0
P0A6Y8	P76339	0
P0A6Z3	P24192	0
P0A6Z3	P77308	0
P0A6Z6	P0A9F6	0
P0A6Z6	P0AC33	0
P0A725	P23882	0
P0A725	P31063	0
P0A734	P0A6M8	0
P0A744	P07813	0
P0A744	P0AB18	0
P0A749	P05704	0
P0A749	P0AFX4	0
P0A749	P64530	0
P0A776	P32712	0
P0A776	P38038	0
P0A7A7	P09996	0
P0A7B1	P0A7A5	0
P0A7B1	P10443	0
P0A7C2	P0A9M8	0
P0A7C2	P69741	0
P0A7C2	P76102	0
P0A7E9	P0A8H6	0
P0A7F3	P28911	0
P0A7F3	P37908	0
P0A7F3	P45771	0
P0A7F3	P69922	0
P0A7G6	P0AEB5	0
P0A7G6	P16679	0
P0A7H0	P45956	0
P0A7H0	P69816	0
P0A7H0	P69910	0
P0A7H0	P75693	0
P0A7I4	P37590	0
P0A7I4	P69346	0
P0A7I4	P77650	0
P0A7J3	P52052	0
P0A7J7	P20083	0
P0A7K2	P37751	0
P0A7K2	P45577	0
P0A7L8	P0AFG3	0
P0A7L8	P28631	0
P0A7L8	P38489	0
P0A7L8	P77625	0
P0A7M2	P0ACD8	0
P0A7M2	P65292	0
P0A7M9	P77689	0
P0A7N1	P0A6F5	0
P0A7N1	P0AED7	0
P0A7N4	P09158	0
P0A7N4	P0A6S3	0
P0A7N4	P37182	0
P0A7Q1	P23869	0
P0A7R9	P15033	0
P0A7R9	Q2M7R5	0
P0A7S3	P0ADK6	0
P0A7S3	P23893	0
P0A7U3	P08622	0
P0A7V0	P18843	0
P0A7V0	P77609	0
P0A7W7	P0A6A6	0
P0A7W7	P15033	0
P0A7X3	P09147	0
P0A7X3	P20605	0
P0A7X3	P38038	0
P0A7X6	P0A8P8	0
P0A7X6	P0AAC8	0
P0A7X6	P0ACX0	0
P0A7X6	P21866	0
P0A7X6	P31549	0
P0A7Y0	P37647	0
P0A7Y8	P24216	0
P0A7Y8	P31443	0
P0A7Y8	P77808	0
P0A7Z4	P0A6Q3	0
P0A805	P0AAB4	0
P0A809	P75938	0
P0A823	P0AG11	0
P0A823	P21513	0
P0A823	P76364	0
P0A828	P50457	0
P0A832	P0ACU2	0
P0A832	P77188	0
P0A853	P0A763	0
P0A853	P0AAF3	0
P0A853	P23522	0
P0A853	P25745	0
P0A853	P52052	0
P0A855	P09184	0
P0A855	P0A828	0
P0A858	P20605	0
P0A858	P37766	0
P0A870	P0ABE2	0
P0A870	P75957	0
P0A873	P32677	0
P0A873	P69910	0
P0A879	P0A8Z7	0
P0A879	P0ABU7	0
P0A879	P0AF76	0
P0A879	P25889	0
P0A887	P0A937	0
P0A890	P0A9M2	0
P0A8A0	P02925	0
P0A8A4	P0AFU6	0
P0A8A4	P23862	0
P0A8A8	P0AAN5	0
P0A8A8	P0AF12	0
P0A8C4	P33650	0
P0A8D0	P21170	0
P0A8D0	P25536	0
P0A8F0	P0A6R3	0
P0A8F0	P0A734	0
P0A8F0	P0ACM9	0
P0A8F0	P42624	0
P0A8F0	P77409	0
P0A8F4	P07395	0
P0A8F4	P24193	0
P0A8F4	P68646	0
P0A8F4	P76561	0
P0A8F8	P0ABD8	0
P0A8F8	P25553	0
P0A8G9	P0A7J0	0
P0A8G9	P26602	0
P0A8H6	P0AC81	0
P0A8H6	P0ACA1	0
P0A8H6	P21189	0
P0A8H6	P32662	0
P0A8H6	P64534	0
P0A8H6	P77692	0
P0A8J8	P06988	0
P0A8J8	P0A6G5	0
P0A8J8	P0A9Q5	0
P0A8J8	P27836	0
P0A8J8	P69874	0
P0A8L1	P0A6T9	0
P0A8L1	P76272	0
P0A8L1	P76486	0
P0A8L7	P46144	0
P0A8L7	P68567	0
P0A8M3	P43674	0
P0A8P1	P0AEB5	0
P0A8P1	P0AGG0	0
P0A8P3	P0A905	0
P0A8P3	P0AC65	0
P0A8P3	P64631	0
P0A8P6	P26648	0
P0A8Q6	P77285	0
P0A8R0	P0A7B1	0
P0A8R0	P0AA10	0
P0A8R9	P0A6K6	0
P0A8T1	P69797	0
P0A8V0	P07003	0
P0A8V2	P37614	0
P0A8V2	P45577	0
P0A8X0	P0A8V0	0
P0A8X0	P0A9P0	0
P0A8X0	P0AFI5	0
P0A8X0	P39328	0
P0A8Y5	P05050	0
P0A8Y5	P63228	0
P0A8Z3	P0A962	0
P0A8Z3	P0AD21	0
P0A8Z3	P22564	0
P0A8Z3	P27848	0
P0A8Z3	P39328	0
P0A8Z3	P69922	0
P0A8Z7	P0ADN2	0
P0A912	P17952	0
P0A912	P36771	0
P0A912	P52126	0
P0A912	P64455	0
P0A912	P76514	0
P0A912	P77409	0
P0A912	Q46839	0
P0A937	P0C0L2	0
P0A937	P32718	0
P0A937	P39328	0
P0A944	P32053	0
P0A944	P33221	0
P0A944	P76540	0
P0A944	P77397	0
P0A951	P0AFG0	0
P0A951	P14294	0
P0A955	P05050	0
P0A955	P19323	0
P0A964	P0A9M0	0
P0A964	Q47150	0
P0A968	P0ADN2	0
P0A968	P0DM85	0
P0A968	P27896	0
P0A968	P76034	0
P0A996	P0A9I5	0
P0A996	P0ACD8	0
P0A996	P69739	0
P0A9A2	P0ABA4	0
P0A9A6	P0A9I1	0
P0A9A6	P0A9I3	0
P0A9A6	P0A9P6	0
P0A9A6	P0AD21	0
P0A9A6	P64463	0
P0A9A9	P0AFG6	0
P0A9B2	P75862	0
P0A9C9	P0ACA7	0
P0A9D8	P0A756	0
P0A9D8	P77213	0
P0A9E0	P15288	0
P0A9E0	P24178	0
P0A9E0	P45543	0
P0A9E0	P64616	0
P0A9E5	P0A9M0	0
P0A9E5	P0C8J8	0
P0A9E5	P64534	0
P0A9F1	P0AB74	0
P0A9F3	P77165	0
P0A9F6	P09153	0
P0A9F6	P0AEY3	0
P0A9F6	P45955	0
P0A9F9	P0A8B2	0
P0A9G8	P0AC75	0
P0A9H9	P00805	0
P0A9H9	P0A698	0
P0A9H9	P0AEY3	0
P0A9I1	P0AGA6	0
P0A9I1	P76339	0
P0A9I3	P00903	0
P0A9J0	P76008	0
P0A9J4	P31666	0
P0A9L3	P0AEW6	0
P0A9L3	P24178	0
P0A9L5	P12295	0
P0A9L8	P52062	0
P0A9L8	P75693	0
P0A9M8	P09557	0
P0A9N4	P0A6Z1	0
P0A9N8	P00805	0
P0A9N8	P08200	0
P0A9N8	P0ACA1	0
P0A9P0	P24182	0
P0A9P0	P46837	0
P0A9P4	P0AFG6	0
P0A9P4	P10443	0
P0A9P4	P77808	0
P0A9Q5	P0A8D3	0
P0A9R4	P17952	0
P0A9S1	P15033	0
P0A9S1	P27298	0
P0A9S1	P76016	0
P0A9U1	P0ADG1	0
P0A9U1	P76129	0
P0A9W3	P08201	0
P0A9W3	P0A9C5	0
P0A9W3	P76086	0
P0A9W3	P76556	0
P0A9X9	P0AF40	0
P0A9X9	P77216	0
P0A9Z1	P0A7B1	0
P0AA04	P0ACR7	0
P0AA04	P0AG07	0
P0AA16	P0A9A2	0
P0AA16	P10908	0
P0AA16	P33919	0
P0AA16	P69913	0
P0AA39	P0AEM6	0
P0AA39	P69346	0
P0AAB4	P76121	0
P0AAB4	P77467	0
P0AAB8	P0AD17	0
P0AAB8	P60785	0
P0AAC8	P45544	0
P0AAG0	P77221	0
P0AAG3	P0AD21	0
P0AAG3	P17952	0
P0AAG3	P52060	0
P0AAH8	P05052	0
P0AAH8	P22564	0
P0AAH8	P36979	0
P0AAH8	P42599	0
P0AAI1	P00894	0
P0AAI1	P0A7J7	0
P0AAI1	P0A962	0
P0AAI1	P0AFG3	0
P0AAI1	P23367	0
P0AAI1	P33018	0
P0AAI1	P69488	0
P0AAJ8	P36771	0
P0AAK4	P0A8A4	0
P0AAK4	P0ABA6	0
P0AAK4	P23843	0
P0AAK4	P77390	0
P0AAL6	P0ADK0	0
P0AAL6	P25534	0
P0AAL9	P0A754	0
P0AAL9	P0A7N1	0
P0AAL9	P0ABS5	0
P0AAL9	P75777	0
P0AAN5	P0AGA6	0
P0AAN9	P0A746	0
P0AAN9	P0A962	0
P0AAQ6	P33919	0
P0AAQ6	P39409	0
P0AAY6	P0AEV1	0
P0AB01	P00963	0
P0AB01	P0A9F9	0
P0AB10	P24178	0
P0AB10	P62395	0
P0AB18	Q46948	0
P0AB33	P0A6H1	0
P0AB33	P77297	0
P0AB33	Q47149	0
P0AB38	P0AAB4	0
P0AB43	P0AAN5	0
P0AB43	P17952	0
P0AB49	P21367	0
P0AB49	P76396	0
P0AB65	P0A8G9	0
P0AB65	P31828	0
P0AB71	P0ABB0	0
P0AB71	P71229	0
P0AB71	Q46867	0
P0ABA4	P0AA10	0
P0ABB0	P42593	0
P0ABD5	P0A9F1	0
P0ABD5	P0ABA4	0
P0ABD5	P65556	0
P0ABF6	P0ABI8	0
P0ABF6	P39280	0
P0ABH0	P76540	0
P0ABI8	P0A6T1	0
P0ABK5	P37348	0
P0ABQ4	P0A799	0
P0ABQ4	P0A8D0	0
P0ABQ4	P26602	0
P0ABR9	P0AB10	0
P0ABR9	P45579	0
P0ABR9	P64483	0
P0ABR9	P77585	0
P0ABS8	P05824	0
P0ABS8	P0ADN6	0
P0ABS8	P33129	0
P0ABU0	P0AED7	0
P0ABU0	P27896	0
P0ABU7	P0A786	0
P0ABU7	P0A8M3	0
P0ABU7	P25745	0
P0ABU7	P77467	0
P0ABV2	P08201	0
P0ABV2	P0A7W1	0
P0ABV2	P27303	0
P0ABV2	P76010	0
P0ABV6	P25748	0
P0ABV6	P69913	0
P0ABV6	P76500	0
P0ABW5	P0ACC7	0
P0ABY2	P0A7V8	0
P0ABY2	P0AFB5	0
P0ABY2	P77746	0
P0ABZ1	P0A744	0
P0ABZ1	P23893	0
P0ABZ1	P33235	0
P0AC02	P0AED0	0
P0AC02	P25748	0
P0AC33	P0A7A5	0
P0AC41	P20605	0
P0AC47	P19932	0
P0AC47	P64530	0
P0AC62	P0C018	0
P0AC62	P17993	0
P0AC62	P42593	0
P0AC62	P77649	0
P0AC65	P11880	0
P0AC75	P0ABH7	0
P0AC75	P21156	0
P0AC75	P33346	0
P0AC75	P77802	0
P0AC81	P0AEJ8	0
P0AC92	P19318	0
P0AC92	P39177	0
P0ACA1	P0AED0	0
P0ACA3	P0AE82	0
P0ACB0	Q47150	0
P0ACD4	P76407	0
P0ACD8	P0AB77	0
P0ACD8	P33919	0
P0ACF4	P0A881	0
P0ACF4	P25888	0
P0ACF4	P28722	0
P0ACF8	P0A8P8	0
P0ACF8	P0AES0	0
P0ACF8	P39453	0
P0ACG8	P0A8L7	0
P0ACH8	P76008	0
P0ACI6	P0A828	0
P0ACI6	P0A8D0	0
P0ACI6	P62623	0
P0ACI6	P76272	0
P0ACJ0	P23827	0
P0ACJ8	P02413	0
P0ACJ8	P76556	0
P0ACK8	P33602	0
P0ACL5	P25889	0
P0ACL5	P76080	0
P0ACL9	P0AE82	0
P0ACM9	P0A881	0
P0ACM9	P11988	0
P0ACN4	P33650	0
P0ACP1	P0AEL3	0
P0ACP1	P69874	0
P0ACP7	P08373	0
P0ACP7	P0AF76	0
P0ACP7	P27848	0
P0ACP7	P52062	0
P0ACP7	P69816	0
P0ACR0	P0A7Y8	0
P0ACR0	P18843	0
P0ACR0	P64461	0
P0ACR7	P0AB77	0
P0ACR7	P0C0L2	0
P0ACR7	P46144	0
P0ACS2	P0AA37	0
P0ACS2	P69816	0
P0ACS2	P76938	0
P0ACS9	P75938	0
P0ACS9	P76008	0
P0ACT2	P0A756	0
P0ACU0	P76016	0
P0ACU2	P0AES0	0
P0ACU2	P33650	0
P0ACX0	P0A8A4	0
P0ACX0	P77561	0
P0ACX9	P25748	0
P0ACZ4	P23862	0
P0ACZ4	P39829	0
P0ACZ8	P06612	0
P0ACZ8	P0A881	0
P0ACZ8	P28631	0
P0AD01	P09147	0
P0AD01	P0A6E9	0
P0AD01	P36560	0
P0AD01	P37194	0
P0AD01	P37388	0
P0AD17	P0A6Z3	0
P0AD17	P33354	0
P0AD17	P77467	0
P0AD49	P69797	0
P0AD57	P0ABD8	0
P0AD57	P32669	0
P0AD68	P00903	0
P0AD68	P02942	0
P0AD68	P0A8H6	0
P0AD68	Q46948	0
P0AD70	P19636	0
P0AD70	P30850	0
P0AD70	P32712	0
P0AD70	P36560	0
P0AD99	P0AFB5	0
P0AD99	P31549	0
P0ADE2	P02413	0
P0ADE2	P0A8I3	0
P0ADE2	P37908	0
P0ADE2	P76213	0
P0ADF8	P25539	0
P0ADG4	P77561	0
P0ADI4	P0AA25	0
P0ADI4	P11454	0
P0ADK0	P15067	0
P0ADN0	P0A828	0
P0ADN0	P0AF67	0
P0ADN0	P75862	0
P0ADN6	P13033	0
P0ADR8	P65294	0
P0ADR8	P77732	0
P0ADV5	P0A937	0
P0ADV5	P0AFT8	0
P0ADV5	P39277	0
P0ADV5	P77376	0
P0ADW6	P0AEV4	0
P0ADW6	P33602	0
P0ADW6	P78271	0
P0ADX5	P0A9G8	0
P0ADX5	P0ACE7	0
P0ADX5	P0ACS2	0
P0ADX5	P29131	0
P0ADX5	P76341	0
P0ADX7	P0AGE0	0
P0ADX7	P21865	0
P0ADX7	P23367	0
P0ADX7	P39176	0
P0ADY3	Q46802	0
P0ADZ0	P05523	0
P0ADZ0	P39831	0
P0AE01	P0A7Y8	0
P0AE08	P0A955	0
P0AE30	P0A9F6	0
P0AE52	P0ABH0	0
P0AE52	P14294	0
P0AE58	P21189	0
P0AEC0	P0AFW2	0
P0AEC3	P09158	0
P0AEC5	P08394	0
P0AEC5	P0A8Z3	0
P0AEC5	P0ADG1	0
P0AEE1	P0A6Q3	0
P0AEE1	P77376	0
P0AEE5	P0DM85	0
P0AEE5	P32662	0
P0AEF0	P0AGG0	0
P0AEF8	P0ABS5	0
P0AEF8	P75913	0
P0AEI4	P0A9M2	0
P0AEI4	P0AC41	0
P0AEI4	P0AEF4	0
P0AEI4	P76561	0
P0AEI6	P09147	0
P0AEL3	P37627	0
P0AEL3	P41052	0
P0AEL8	P15033	0
P0AEM4	P0AAN9	0
P0AEM4	P0AC41	0
P0AEM4	P0AEJ8	0
P0AEM4	P23882	0
P0AEM4	P39325	0
P0AEM6	P00960	0
P0AEM6	P0AEB5	0
P0AEN4	P0AB38	0
P0AEN4	P27862	0
P0AEN4	P75960	0
P0AES0	P38105	0
P0AEV1	P06710	0
P0AEW4	P0ACM9	0
P0AEW6	P63389	0
P0AEY3	P28911	0
P0AEY3	P62395	0
P0AEZ3	P52126	0
P0AEZ3	P76268	0
P0AF03	P0ACA7	0
P0AF03	P0ACJ8	0
P0AF03	P39280	0
P0AF10	P0AC81	0
P0AF10	P42596	0
P0AF10	P75863	0
P0AF28	P20605	0
P0AF34	P0A7X6	0
P0AF34	P39310	0
P0AF34	P68644	0
P0AF82	P0C0L2	0
P0AF82	P19930	0
P0AF90	P00968	0
P0AFD1	P0A786	0
P0AFD1	P16432	0
P0AFF6	P00894	0
P0AFF6	P0A6Z1	0
P0AFF6	P0A951	0
P0AFF6	P41443	0
P0AFF6	Q47690	0
P0AFG0	P39325	0
P0AFG3	P0AAU7	0
P0AFG8	P28911	0
P0AFH8	P04983	0
P0AFH8	P07109	0
P0AFH8	P0A9Q7	0
P0AFH8	P39360	0
P0AFI0	P27298	0
P0AFI7	P21599	0
P0AFL6	P07117	0
P0AFL6	P0AEC3	0
P0AFL6	P0DTT0	0
P0AFL6	P37680	0
P0AFM2	P06993	0
P0AFM2	P75862	0
P0AFT5	P0AEP9	0
P0AFT8	P19624	0
P0AFT8	P76396	0
P0AFU4	P0A8B2	0
P0AFU4	P0ABU0	0
P0AFU4	P0ACS9	0
P0AFW4	P19624	0
P0AFW8	P0A9A6	0
P0AFW8	P0ABV6	0
P0AFW8	P0AEL3	0
P0AFX7	P0A6M8	0
P0AFY8	P0A6R3	0
P0AG07	P0A6R3	0
P0AG07	P39325	0
P0AG11	P05050	0
P0AG11	P0A7V3	0
P0AG30	P0A6Q3	0
P0AG30	P0AE82	0
P0AG30	P19642	0
P0AG30	P64631	0
P0AG30	P76213	0
P0AG30	P77297	0
P0AG48	P0A7Y8	0
P0AG48	P0A8J8	0
P0AG48	P0A905	0
P0AG48	P0ACA1	0
P0AG48	P10378	0
P0AG48	P69228	0
P0AG51	P07117	0
P0AG51	P0ACX9	0
P0AG51	P39328	0
P0AG55	P0ACJ0	0
P0AG55	P29131	0
P0AG55	P30131	0
P0AG76	P0A996	0
P0AG76	P0AAF3	0
P0AG76	P24228	0
P0AG76	P26646	0
P0AG76	P46144	0
P0AG76	P76008	0
P0AG76	P77188	0
P0AG76	Q46896	0
P0AG76	Q46942	0
P0AG96	P0A7N4	0
P0AG96	P0A855	0
P0AG96	P0AF76	0
P0AG96	P32685	0
P0AG99	P0A8Y5	0
P0AG99	P76213	0
P0AGB6	P45577	0
P0AGB6	P64439	0
P0AGB6	P77746	0
P0AGD7	P31828	0
P0AGD7	P77376	0
P0AGG0	P0A6M8	0
P0AGG4	P06988	0
P0AGG4	P07001	0
P0AGG4	P24193	0
P0AGG4	P31828	0
P0AGI4	P0ABU5	0
P0AGI4	P0AEZ3	0
P0AGI4	P37636	0
P0AGJ2	P0ACG1	0
P0AGJ2	P0AE14	0
P0AGJ2	P67660	0
P0AGJ5	P0A823	0
P0AGJ5	P0ABD8	0
P0AGJ5	P76135	0
P0AGK4	P0A7J0	0
P0AGK8	Q57261	0
P0C018	P15033	0
P0C037	P0A6R3	0
P0C037	P38038	0
P0C8J8	P39838	0
P0C960	P0A6H1	0
P0C960	P0A8Z3	0
P0C960	P0AEJ8	0
P0C960	P39363	0
P0CE48	P0AFI0	0
P0CE48	P64455	0
P0CE48	P77357	0
P0DM85	P00968	0
P0DM85	P76556	0
P0DMC7	P0ABZ1	0
P0DTT0	P0A9P6	0
P10100	P24182	0
P10100	P45544	0
P10100	P75728	0
P10100	P77806	0
P10121	P09147	0
P10151	P76034	0
P10378	P07813	0
P10378	P0A8A8	0
P10408	P0AFG0	0
P10408	P42593	0
P10902	P04825	0
P10902	P07649	0
P10902	P0A7J0	0
P10902	Q47149	0
P10908	P0AC75	0
P10908	P32677	0
P10908	P75913	0
P11446	P0A7J7	0
P11446	P0A9P6	0
P11446	P0AES0	0
P11446	P23857	0
P11446	P28631	0
P11446	P56258	0
P11458	P08839	0
P11989	P33218	0
P11989	P76162	0
P12996	P0AAF3	0
P12999	P0A8I3	0
P12999	P77396	0
P12999	P77409	0
P13033	P0AEB5	0
P13458	P23827	0
P14294	P0AGK4	0
P14900	P61175	0
P15005	P0C018	0
P15005	P32177	0
P15005	P67697	0
P15005	P76407	0
P15005	P76569	0
P15028	P0AA10	0
P15028	P39363	0
P15038	P08179	0
P15038	P33030	0
P15038	P37309	0
P15038	P37669	0
P15042	P0A746	0
P15042	P0A786	0
P15042	P0AFG0	0
P15067	P31666	0
P15067	P32162	0
P15067	P67701	0
P15070	P0AEL3	0
P15070	P77308	0
P15082	P0A9I1	0
P15082	P0AE88	0
P15288	P80645	0
P15639	P29745	0
P15639	P76344	0
P15639	P77396	0
P15770	P77285	0
P16431	P31063	0
P16432	P0AED0	0
P16432	P16431	0
P16432	P32718	0
P16433	P0AEW6	0
P16433	P0AF03	0
P16676	P0A9P6	0
P16678	P00934	0
P16678	P0A6L2	0
P16679	P0AFY8	0
P16679	P33602	0
P16679	P37773	0
P16679	P39367	0
P16685	P0A853	0
P16685	P0A9W3	0
P16685	P0ADZ0	0
P16685	Q47150	0
P16687	P0ACU2	0
P16691	P0ABS1	0
P16691	P39829	0
P16703	P0A8Y5	0
P16703	P0A9E0	0
P16703	P0AAF3	0
P16703	P77397	0
P16918	P39328	0
P16918	P68646	0
P17117	P09372	0
P17117	P37388	0
P17117	P68567	0
P17117	Q57261	0
P17169	P32162	0
P17169	P32177	0
P17169	P77493	0
P17410	P0A9L8	0
P17410	P23827	0
P17410	P56579	0
P17443	P0AB10	0
P17443	P16432	0
P17443	P69222	0
P17444	P25522	0
P17446	P07117	0
P17446	P0A8G9	0
P17446	P64423	0
P17952	P76215	0
P18775	P39384	0
P18776	P00968	0
P18776	P03024	0
P18811	P08200	0
P18811	P0ACZ4	0
P18811	P15038	0
P18811	P21156	0
P19317	P09147	0
P19317	P0AFI0	0
P19317	P32162	0
P19317	P33650	0
P19317	P75946	0
P19318	P0A962	0
P19624	P68644	0
P19636	P09557	0
P19636	P0A8Y5	0
P19636	P37052	0
P19636	P37339	0
P19636	P60390	0
P19636	P69741	0
P19642	P0ADK6	0
P19925	P10908	0
P19930	P17109	0
P19932	P0A6M8	0
P19932	P32662	0
P21170	P56258	0
P21189	P07649	0
P21362	P76213	0
P21367	P0A809	0
P21599	P0AFG3	0
P21866	P0A7A7	0
P21893	P0A9L5	0
P21893	P52062	0
P21893	P60785	0
P21893	P75938	0
P22106	P76015	0
P22188	P0ADN2	0
P22256	P0AD70	0
P22256	P20083	0
P22256	P30138	0
P22256	P31552	0
P22256	P75864	0
P22731	P0A9C5	0
P22731	P0AFD1	0
P22731	P39362	0
P22939	P08337	0
P22939	P38105	0
P23305	P0C8J8	0
P23305	P23862	0
P23305	P39325	0
P23305	P76086	0
P23522	P09147	0
P23827	P04983	0
P23827	P39838	0
P23836	P39380	0
P23836	P76180	0
P23843	P0AB18	0
P23843	P30014	0
P23845	P0ADY3	0
P23845	P77766	0
P23869	P64578	0
P23878	P0A8I3	0
P23882	P0AGK4	0
P23890	P0DM85	0
P23890	P75869	0
P23893	P76340	0
P23930	P0A754	0
P23930	P0A951	0
P24192	P04994	0
P24192	P76215	0
P24193	P28911	0
P24228	P33937	0
P24242	P0AAG8	0
P24242	P64631	0
P24242	P76201	0
P24554	P39328	0
P25437	P25539	0
P25516	P0A9F9	0
P25519	P0A9M8	0
P25519	P12281	0
P25522	P22188	0
P25522	P32157	0
P25524	P27249	0
P25534	P0AGI4	0
P25534	P21367	0
P25534	P34209	0
P25553	P0AB77	0
P25553	P76341	0
P25665	P0AA10	0
P25665	P0AA39	0
P25665	P0AC75	0
P25665	P37348	0
P25745	P11553	0
P25745	P28304	0
P25745	P30014	0
P25798	P20083	0
P25798	P26266	0
P25907	P77808	0
P26602	P0ABS1	0
P26602	P20083	0
P26602	P37680	0
P26616	P0AAU7	0
P26616	Q46802	0
P26646	P0ACD8	0
P26646	P0AFX4	0
P26646	P39328	0
P26648	P06136	0
P26648	P0A853	0
P26648	P17993	0
P26648	P33596	0
P26648	P76121	0
P26648	P76540	0
P27249	P0A698	0
P27249	P38038	0
P27254	P0A7W1	0
P27254	P0ABU7	0
P27254	P14175	0
P27254	P28632	0
P27254	P76484	0
P27298	P00861	0
P27836	P0AAU7	0
P27838	P0A6T1	0
P27838	P0ABV6	0
P27838	P0AE88	0
P27838	P0AGI4	0
P27838	P19642	0
P27838	P25889	0
P27848	P00861	0
P27848	P69922	0
P27848	P76072	0
P27862	P0A9E5	0
P27862	P63389	0
P27862	Q46868	0
P27896	P77580	0
P28305	P45544	0
P28305	P61889	0
P28631	P32131	0
P28634	P76396	0
P28638	P0AB65	0
P28638	P0ACR7	0
P28638	P10151	0
P28638	P15288	0
P28638	P39280	0
P28638	P77615	0
P28721	P26616	0
P28721	P33937	0
P28722	P14294	0
P28903	P0AAG3	0
P28903	P0AB71	0
P28904	P0AFG0	0
P28904	P31063	0
P28905	P0A7W1	0
P28911	P0AFW2	0
P28912	P0A6Z6	0
P28912	P0A9H9	0
P28912	P0AEI6	0
P28912	P12281	0
P28912	P64559	0
P28912	P69829	0
P29131	P0ACQ0	0
P29745	P0A809	0
P30014	P45544	0
P30125	P0A6V1	0
P30125	P0AE88	0
P30125	P15770	0
P30125	P76027	0
P30126	P76129	0
P30131	P0A6L9	0
P30138	P07862	0
P30138	P0AB10	0
P30138	P26616	0
P30138	P80645	0
P30147	P00946	0
P30147	P0A955	0
P30147	P0AEN4	0
P30147	P11988	0
P30147	P39284	0
P30147	P76268	0
P30178	P06988	0
P30178	P07026	0
P30178	P0A7Q1	0
P30178	P13033	0
P30235	P0A725	0
P30235	P0AAM7	0
P30235	P16679	0
P30235	P64602	0
P30749	P76245	0
P30750	P25522	0
P30750	P25524	0
P30855	P0A7W7	0
P31062	P0A6Y8	0
P31134	P32662	0
P31135	P06710	0
P31135	P0A9U1	0
P31449	P76256	0
P31460	P0A700	0
P31460	P0ACC7	0
P31549	P0A9U1	0
P31549	P0AGE0	0
P31549	P37653	0
P31552	P0A9C9	0
P31552	P61949	0
P31552	P80644	0
P31572	P12996	0
P31572	P20966	0
P31572	P25519	0
P31572	P33599	0
P31572	P37640	0
P31572	P39838	0
P31574	P08201	0
P31574	P0A9A2	0
P31574	P76245	0
P31666	P0A7R9	0
P31802	P11454	0
P32125	P0A6R3	0
P32125	P0ABA4	0
P32131	P05523	0
P32137	P77746	0
P32157	Q46855	0
P32162	P76396	0
P32176	P07649	0
P32176	P08390	0
P32176	P0A7M9	0
P32176	P0ABH7	0
P32176	P27298	0
P32177	P0AD57	0
P32677	P21179	0
P32685	P16432	0
P32685	P24216	0
P32700	P02358	0
P32700	P0A7X3	0
P32700	P32157	0
P32712	P0A8X4	0
P32712	P11880	0
P32712	P25539	0
P32712	P32676	0
P33012	P00509	0
P33012	P32162	0
P33014	P0AFM2	0
P33030	P06612	0
P33030	P27836	0
P33030	P52613	0
P33129	P0A7J3	0
P33129	P0AE88	0
P33195	P05020	0
P33195	P11880	0
P33195	P22188	0
P33221	P0A698	0
P33221	P0AEP9	0
P33235	P0AD17	0
P33235	P10902	0
P33235	P64439	0
P33235	P76459	0
P33235	P77649	0
P33346	P0AAU7	0
P33354	P32694	0
P33354	Q46867	0
P33360	P0ACP1	0
P33360	P36979	0
P33360	P52102	0
P33360	P69913	0
P33361	P25745	0
P33361	P51020	0
P33593	P0AF28	0
P33593	P10100	0
P33593	P37348	0
P33593	Q2M7R5	0
P33594	P0A8A8	0
P33594	P0A9C9	0
P33596	P42596	0
P33599	P0A9M2	0
P33599	P10121	0
P33599	P71239	0
P33650	P0A881	0
P33650	P41052	0
P33937	P0AE82	0
P33937	P42641	0
P33937	P45577	0
P34209	P09557	0
P34209	P28304	0
P36560	P0ACJ0	0
P36560	P33129	0
P36659	P0AA25	0
P36659	P32131	0
P36659	P50457	0
P36662	P04825	0
P36662	P0AC73	0
P36662	P0AD21	0
P36673	P0ABA6	0
P36673	P46022	0
P36879	P15038	0
P36938	P69931	0
P37009	P0A8G9	0
P37009	P14900	0
P37052	P67660	0
P37146	P45395	0
P37177	P0AFI5	0
P37177	P60716	0
P37188	P0A6V1	0
P37188	P0A763	0
P37188	P11454	0
P37194	P67660	0
P37194	Q46868	0
P37194	Q47150	0
P37195	P0A9L3	0
P37195	P0ACA3	0
P37195	P24218	0
P37195	P32715	0
P37195	P75883	0
P37313	P0ACX9	0
P37339	P0A9U1	0
P37339	P27896	0
P37348	P37908	0
P37348	P61175	0
P37349	P0A9F1	0
P37349	P0AF67	0
P37355	P0A754	0
P37387	P00926	0
P37387	P05704	0
P37387	P14175	0
P37387	P15288	0
P37387	P39280	0
P37388	P0A6A6	0
P37388	P76016	0
P37590	P0A746	0
P37590	P0AFL6	0
P37590	P32712	0
P37614	P0A828	0
P37614	P32677	0
P37631	P0AB77	0
P37636	P45395	0
P37636	Q57261	0
P37640	P08312	0
P37640	P0ABA4	0
P37640	P0AEL3	0
P37640	P16678	0
P37653	P09980	0
P37653	P20966	0
P37653	P63389	0
P37661	P15028	0
P37661	P69816	0
P37669	P0A8X4	0
P37669	P10346	0
P37669	P32662	0
P37669	P36659	0
P37671	P42620	0
P37759	P0ADG1	0
P37759	P11880	0
P37759	P52052	0
P37765	P07649	0
P37765	P0ABF6	0
P37765	P0ADN6	0
P37765	P10151	0
P37765	P23930	0
P37765	P67701	0
P37766	P23871	0
P37766	P41052	0
P37766	P60390	0
P37773	P0AEV4	0
P37773	P77397	0
P37902	P24218	0
P37908	P0AAU7	0
P37908	P23840	0
P37908	P77802	0
P37909	P00961	0
P37909	P0A832	0
P37909	P15770	0
P38038	P0A7J0	0
P38038	P62620	0
P38105	P76180	0
P38489	P42641	0
P38506	P02931	0
P38506	P05704	0
P38506	P28304	0
P38506	P75960	0
P38521	P0ACQ0	0
P39176	P0ACH8	0
P39176	P52052	0
P39176	P69681	0
P39176	P76008	0
P39208	P0A6E9	0
P39208	P0AC75	0
P39208	P61175	0
P39208	P63177	0
P39265	P08178	0
P39265	P0AAH8	0
P39265	P0AD49	0
P39265	P22564	0
P39265	P24218	0
P39274	P0ACT2	0
P39274	P15042	0
P39274	P30014	0
P39274	P76268	0
P39280	P71229	0
P39284	P0AF12	0
P39284	P10908	0
P39284	P19317	0
P39284	P21599	0
P39310	P09980	0
P39310	P0AA39	0
P39310	P75869	0
P39325	P24216	0
P39328	Q46855	0
P39351	P0A9E5	0
P39351	P0AG55	0
P39351	P24182	0
P39351	P38506	0
P39353	P0A9B2	0
P39353	P0ACZ4	0
P39358	P00909	0
P39360	P00968	0
P39360	P0A9P6	0
P39360	P0A9U1	0
P39363	P0AFG6	0
P39367	P33018	0
P39380	P0A725	0
P39380	P0A7U3	0
P39380	P0AFM2	0
P39380	P10908	0
P39384	P0A7V3	0
P39384	P0AED7	0
P39405	P0A8H6	0
P39405	P0AEP9	0
P39405	P52097	0
P39405	P69741	0
P39405	P77549	0
P39407	P0A6F1	0
P39407	P0AAU7	0
P39407	P60240	0
P39452	P0A6E4	0
P39452	P0A955	0
P39452	P0AAQ6	0
P39831	P00968	0
P39831	P37773	0
P39834	P0AA16	0
P39834	P76086	0
P39834	P76339	0
P39838	P0A8Z7	0
P39838	Q46907	0
P40191	P0A8G0	0
P40191	P76275	0
P40191	P77397	0
P41443	P15042	0
P42596	P19930	0
P42599	P0AF28	0
P42620	P77609	0
P42624	P0AFL6	0
P42624	P18133	0
P42624	P22634	0
P42624	P77213	0
P43533	P00963	0
P43533	P0ABW5	0
P43533	P39280	0
P43533	P76500	0
P43674	P0A862	0
P43674	P0AEE1	0
P45395	P0A9A9	0
P45395	P11071	0
P45422	P31600	0
P45422	P75855	0
P45543	P0A9S1	0
P45543	P0ACD8	0
P45549	P08390	0
P45549	P0ACX9	0
P45549	P77650	0
P45577	P0A7B1	0
P45579	P00509	0
P45579	P0A7A7	0
P45579	P0AEM4	0
P45768	P32677	0
P45771	P09158	0
P45771	P0AC41	0
P45807	P0A7B1	0
P45955	P0AE48	0
P45956	P43674	0
P46144	P0A828	0
P51020	P05100	0
P51020	P0A996	0
P51020	P33129	0
P51020	P69910	0
P51020	P76015	0
P51020	P77539	0
P51020	Q46901	0
P52060	P0A9G8	0
P52060	P33030	0
P52097	P00805	0
P52097	P0ADN2	0
P52097	P39177	0
P52097	P76106	0
P52097	P80644	0
P52102	P09158	0
P52106	P10121	0
P52612	P0AGJ2	0
P52614	P0ACF4	0
P52614	P16703	0
P52614	P37653	0
P52627	P09377	0
P54745	P42624	0
P54745	P77650	0
P54745	P77700	0
P56258	P0AA39	0
P56258	P0ABD8	0
P56258	P0AFB8	0
P56579	P0AEF4	0
P56579	P15028	0
P56579	P75855	0
P56976	P37664	0
P58094	P0AF67	0
P58094	P71229	0
P60240	P0A8G9	0
P60240	P31802	0
P60240	P39363	0
P60240	P63389	0
P60240	P69741	0
P60390	P24182	0
P60560	P0AF12	0
P60566	P23840	0
P60566	P76256	0
P60664	P17444	0
P60664	P27298	0
P60716	P0A9W0	0
P60785	P0A8T1	0
P60785	P0AEV4	0
P60785	P20966	0
P60785	P77808	0
P61949	P0AEW4	0
P61949	P19932	0
P61949	P75849	0
P61949	Q46948	0
P62399	P0A870	0
P62399	P0AED7	0
P62399	P10441	0
P62399	P64455	0
P62620	Q2M7R5	0
P62623	P31134	0
P63020	P0A828	0
P63020	P0ACT6	0
P63020	P0AD70	0
P63020	P37348	0
P63177	P33916	0
P63177	P60240	0
P63284	P17109	0
P63284	P37669	0
P63284	P69922	0
P63284	P76505	0
P63386	P33346	0
P63746	P0A7V3	0
P63746	P0A955	0
P63746	P0AC81	0
P63746	P0AF12	0
P63746	P21599	0
P63746	P76275	0
P63746	Q46839	0
P64423	P00968	0
P64423	P05523	0
P64423	P0A6I0	0
P64423	P21866	0
P64423	P68688	0
P64435	P60240	0
P64435	P77257	0
P64439	P0A7A5	0
P64439	P76106	0
P64455	P0AEV4	0
P64461	P0A9S1	0
P64461	P0ACL9	0
P64461	P23869	0
P64461	P75863	0
P64483	P0A9Q7	0
P64483	P41052	0
P64488	P07109	0
P64488	P0A7V3	0
P64488	P0A8C4	0
P64488	P0A9N8	0
P64488	P0AA39	0
P64488	P0ACP1	0
P64488	P0AEG8	0
P64488	P20605	0
P64488	P26648	0
P64540	P07639	0
P64540	P69913	0
P64559	P0AE14	0
P64599	P0A8P8	0
P64599	P31062	0
P64599	P64616	0
P64602	P69222	0
P64616	P76459	0
P64631	P0A7T7	0
P64631	P0AEF0	0
P64631	P10151	0
P64631	P26602	0
P64638	P0A8G0	0
P64638	P0ACJ8	0
P64638	P0AFG3	0
P64638	P37908	0
P64638	P60422	0
P65556	P71229	0
P65556	P75777	0
P67080	P29745	0
P67080	P42620	0
P67430	P0ACK8	0
P67430	P0DTT0	0
P67430	P16678	0
P67553	P69922	0
P67697	P0A799	0
P67697	P20966	0
P67701	P05852	0
P67701	P24218	0
P67701	P39310	0
P68206	P0A7N1	0
P68206	P0A996	0
P68206	P75693	0
P68206	P76080	0
P68567	Q46948	0
P68646	P04825	0
P68679	P69228	0
P68688	P00909	0
P68688	P68688	0
P68739	P07012	0
P68739	P0AFW4	0
P68739	P23890	0
P68739	P25889	0
P68739	P39367	0
P69054	P0AC73	0
P69222	P07000	0
P69222	P08839	0
P69222	P0AF12	0
P69222	P0AFD1	0
P69222	Q46802	0
P69228	P18133	0
P69348	P0ABS1	0
P69348	P0AF59	0
P69348	P76162	0
P69348	P77161	0
P69432	P00350	0
P69432	P06136	0
P69441	P15047	0
P69741	P77549	0
P69816	P23840	0
P69829	P0AFG6	0
P69829	P31806	0
P69874	P60390	0
P69902	P76180	0
P69910	P0A8N0	0
P69910	P62395	0
P69913	P04825	0
P69913	P68644	0
P69913	Q47150	0
P69922	P09377	0
P69922	P32131	0
P69922	P67697	0
P69931	P0AE01	0
P69931	P0AEC3	0
P69931	P15373	0
P69931	P25907	0
P75693	P24218	0
P75693	P45543	0
P75745	P0A6L9	0
P75745	P0A7L8	0
P75745	P77692	0
P75749	P80644	0
P75767	P0A6I0	0
P75767	P19317	0
P75767	P19624	0
P75824	P77746	0
P75825	P19932	0
P75826	P0ADN2	0
P75849	P12281	0
P75856	P0AAQ6	0
P75856	P0ABS1	0
P75856	P0AES0	0
P75856	P15639	0
P75856	P42596	0
P75856	P75966	0
P75856	P76106	0
P75856	P77188	0
P75862	P28631	0
P75862	P39328	0
P75864	P24192	0
P75913	P77396	0
P75919	P0A8I3	0
P75958	P0A862	0
P75958	P0A9A9	0
P75958	P0AG55	0
P75960	P0A6H1	0
P75960	P0A968	0
P75966	P06612	0
P75966	P09158	0
P75966	P21367	0
P75966	P60240	0
P75973	P19932	0
P75973	P33919	0
P75973	P76268	0
P75977	P0A9J0	0
P75977	P0AE52	0
P75977	P0AGJ2	0
P75993	P26266	0
P75993	P33360	0
P75993	P62399	0
P75993	P76177	0
P75993	Q46948	0
P76007	P0ABH7	0
P76007	P28634	0
P76007	P56258	0
P76010	P07862	0
P76010	P11454	0
P76010	P62620	0
P76010	P76010	0
P76015	P31666	0
P76015	P65556	0
P76016	P31443	0
P76027	P0A855	0
P76027	P11989	0
P76027	P24193	0
P76027	P69910	0
P76027	P75973	0
P76034	P61175	0
P76035	P39384	0
P76035	P77397	0
P76061	P0A8A4	0
P76072	P80645	0
P76079	P0A6E6	0
P76079	P0A9J0	0
P76080	P76486	0
P76086	P03024	0
P76092	P0A6T5	0
P76092	P0AB71	0
P76092	P32053	0
P76092	P33602	0
P76093	P0A799	0
P76097	P0A6R3	0
P76097	P0AEM6	0
P76102	P0ACD8	0
P76104	P0ACS9	0
P76121	P16431	0
P76129	P27298	0
P76135	P02931	0
P76135	P0A6G5	0
P76135	P0A7V8	0
P76135	P42599	0
P76135	P64483	0
P76143	P05055	0
P76143	P0AD70	0
P76143	P0AEI6	0
P76143	P75938	0
P76161	P00960	0
P76161	P52052	0
P76177	P0ACG1	0
P76196	P0ACN7	0
P76196	P0AFG0	0
P76196	P12295	0
P76196	P76364	0
P76201	P56258	0
P76213	P0A7V8	0
P76213	P67701	0
P76215	P0AEJ8	0
P76215	P76459	0
P76236	P76079	0
P76237	P0A7Y8	0
P76237	P22731	0
P76245	P0AAF3	0
P76256	P0A9E2	0
P76268	P10441	0
P76272	P06974	0
P76272	P75691	0
P76272	P76097	0
P76272	P76641	0
P76334	P37765	0
P76334	P60560	0
P76340	P0A7R5	0
P76340	P0AAM7	0
P76341	P64534	0
P76344	P00903	0
P76344	P0A9E2	0
P76346	P68567	0
P76361	P04994	0
P76361	P52060	0
P76361	P60566	0
P76361	P76086	0
P76373	P80644	0
P76373	Q46871	0
P76396	P0ACQ0	0
P76459	P75913	0
P76483	P0A862	0
P76483	P0AGK4	0
P76483	P67080	0
P76483	P76093	0
P76483	P77285	0
P76484	P0A6Y8	0
P76484	P0A756	0
P76486	P0AE82	0
P76486	P0AED9	0
P76500	Q46855	0
P76501	P00946	0
P76501	P00960	0
P76501	P15005	0
P76501	P25536	0
P76502	P02942	0
P76502	P0A6T5	0
P76502	P0A7Q1	0
P76502	P0AE58	0
P76502	P15082	0
P76505	P0A7R5	0
P76505	P0ACZ8	0
P76505	P22106	0
P76506	P0A9E0	0
P76506	P30748	0
P76513	P02942	0
P76513	P33014	0
P76513	P39265	0
P76513	P56976	0
P76513	P76344	0
P76514	P0ADI4	0
P76540	P76594	0
P76551	P37355	0
P76555	P07000	0
P76555	P0AB74	0
P76555	P0AEW6	0
P76561	P0AD21	0
P76561	P0ADI4	0
P76561	P12295	0
P76569	P0A7T7	0
P76569	P0A8G9	0
P76569	P31666	0
P76569	P37146	0
P76569	P64463	0
P76576	P0AG11	0
P76576	P25539	0
P76576	P45422	0
P76594	P14900	0
P76594	P69346	0
P76639	P17109	0
P76639	P23305	0
P76641	P71301	0
P76938	P68688	0
P77173	P0A7J3	0
P77173	P0A9Z1	0
P77173	P10443	0
P77173	P37614	0
P77173	P68644	0
P77174	P15028	0
P77174	P21507	0
P77174	P52060	0
P77187	P05100	0
P77188	P37669	0
P77218	P0A700	0
P77234	P0AFG3	0
P77234	P23871	0
P77234	P45543	0
P77239	P07862	0
P77239	P37653	0
P77257	P0AAM3	0
P77257	P0ACC7	0
P77257	P62620	0
P77279	P31135	0
P77279	P64530	0
P77295	P03007	0
P77295	P09546	0
P77308	P0AF67	0
P77308	P69902	0
P77319	P0AG07	0
P77319	P31658	0
P77357	P25524	0
P77376	P0AF59	0
P77376	P76161	0
P77378	P0A9I1	0
P77378	P0A9J0	0
P77378	P71301	0
P77390	P76177	0
P77398	P09557	0
P77398	P11071	0
P77398	P11454	0
P77398	P64503	0
P77409	P28224	0
P77425	P0C960	0
P77434	P09372	0
P77434	P0A962	0
P77434	P15033	0
P77434	P31062	0
P77434	P77218	0
P77444	P22634	0
P77444	P31449	0
P77444	P67660	0
P77485	P0AD57	0
P77485	P27298	0
P77493	P0DM85	0
P77499	P0ADG4	0
P77499	P31443	0
P77522	P69681	0
P77539	P0AAQ6	0
P77539	P0ABF6	0
P77546	P0A799	0
P77546	P0A8H6	0
P77546	P0AFZ1	0
P77546	P12295	0
P77546	P76334	0
P77581	P0A968	0
P77581	P0A9A9	0
P77581	P0AC73	0
P77581	P31574	0
P77585	P76097	0
P77615	P06988	0
P77615	P10441	0
P77615	P77213	0
P77625	P0A8G0	0
P77649	P0AG67	0
P77649	P75825	0
P77649	P77409	0
P77650	P00934	0
P77650	P0AAF3	0
P77650	P0AEB5	0
P77650	P61889	0
P77650	P62623	0
P77689	P0A6R3	0
P77692	P69797	0
P77700	P16676	0
P77700	P31806	0
P77700	P76339	0
P77737	P0A853	0
P77737	P0A968	0
P77737	P25519	0
P77746	P76016	0
P77806	P0A8P6	0
P77806	P0AED0	0
P77806	P28911	0
P77806	P52613	0
P77806	P76407	0
Q2EES9	P0A6F5	0
Q2EES9	P0A9X9	0
Q2EES9	P36659	0
Q46801	P0A7V8	0
Q46801	P37349	0
Q46839	P77549	0
Q46851	P24193	0
Q46851	P60422	0
Q46851	P77297	0
Q46868	P32125	0
Q46868	P39310	0
Q46871	P27836	0
Q46896	P0A805	0
Q46896	P0C0L2	0
Q46896	P32157	0
Q46901	P19642	0
Q46908	P0AG90	0
Q46908	P37313	0
Q46908	P75742	0
Q46919	P09184	0
Q46919	P10441	0
Q46925	P21189	0
Q46939	P0A6T9	0
Q46941	P0ACM9	0
Q46941	P0AG76	0
Q46941	P37146	0
Q46941	P37590	0
Q46941	P45543	0
Q46942	P0C018	0
Q46948	P32718	0
Q46948	P39363	0
Q47147	P76639	0
Q47147	Q47150	0
Q47149	P77165	0
Q47150	P33919	0
Q47274	P09153	0
Q47274	P0AGI4	0
Q47274	P22564	0
Q47274	P33221	0
Q47319	P0A7M2	0
Q47319	P38506	0
Q47690	P36659	0
Q57083	P0A8V2	0
Q57083	P30125	0
Q57083	P38105	0
